arm,role,shape,m,processes,statuses,takes_part,why_not,ns_median,instructions,branch_misses,cycles,l1d_misses,l2_misses,dtlb_misses,allocs_per_lookup,build_s_median,build_alloc_bytes,table_bytes,lat_p50_ns,lat_p99_ns,instructions_net,ffi_call_ns
actix-router,competitor,mixed-disjoint,10,16,ok 16,True,,462.598796,4316.88558,4.992675784999999,1460.9185,27.954674699999998,0.0660096084,16.82673125,3.7055664100000003,0.0003154535,3095432.0,173448.0,435.82597699999997,1067.022775,4287.8806832499995,
boost-url,competitor,mixed-disjoint,10,16,ok 16,True,,277.83398450000004,2751.39368,3.065901695,876.6427980000001,1.194424575,0.01253407905,0.0210543546,0.0,9.913000000000001e-06,12936.0,7384.0,255.4844755,390.7408265,2722.3887833,
chi,competitor,mixed-disjoint,10,16,ok 16,True,,128.5789795,1390.659595,1.5938066,403.935376,1.77487306,0.01852356545,0.0166967299,0.0,1.5484000000000003e-05,528.0,6824.0,195.37059499999998,270.512337,1344.5172511,45.837944050000004
cpp-httplib,competitor,mixed-disjoint,10,16,ok 16,True,,190.134748,1785.370395,2.16196987,599.783781,1.28498306,0.012017352750000002,0.020564827549999998,1.51147461,3.311e-06,5824.0,4288.0,170.322488,380.721049,1756.36549845,
crow,competitor,mixed-disjoint,10,16,ok 16,True,,467.129191,4546.649004999999,4.249064125,1473.784505,1.439588275,0.01806831905,0.02400915075,8.690673825000001,8.987e-06,13568.0,2488.0,440.8352615,866.6420885,4517.644110249999,
drogon,competitor,mixed-disjoint,10,16,ok 16,True,,1590.526855,14212.6998,12.3218994,5005.58191,22.2778931,0.05198330345,0.09468756785,19.004516600000002,5.84595e-05,70756.0,27392.0,1462.769535,4598.73255,14183.6949033,
gin,competitor,mixed-disjoint,10,16,ok 16,True,,53.4496507,525.443407,1.94301005,168.1373395,1.14785534,0.00732141748,0.011468777365,0.0,1.1492000000000001e-05,504.0,3428.0,120.227878,180.3411745,479.30106364999995,46.025383000000005
glaze,competitor,mixed-disjoint,10,16,ok 16,True,,321.7289125,2732.286645,3.6948242149999997,1015.8180199999999,1.781179575,0.02477384865,0.02878668365,4.85546875,8.03e-06,16052.0,13676.0,350.664931,611.1584535,2703.2817486000004,
hash,reference,mixed-disjoint,10,16,refused 16,False,refused: hash: an exact-match table holds literal routes only,,,,,,,,,,,,,,,
httprouter,competitor,mixed-disjoint,10,16,ok 16,True,,79.52498545,832.4414935,2.2254128050000004,249.87314,2.83540984,0.19497403000000002,0.0743022047,0.7006835935,1.13115e-05,472.0,2568.0,140.2658105,280.531437,786.2991497,46.6796875
matchit,competitor,mixed-disjoint,10,16,ok 16,True,,71.72001155,590.815762,2.501397345,226.284073,1.154680895,0.008535999225,0.02080574425,0.0,5.721e-06,12420.0,10272.0,70.1329777,150.2849155,561.8108672999999,
nethttp,competitor,mixed-disjoint,10,16,ok 16,True,,283.5306395,3200.7582650000004,3.862213135,888.6638674999999,4.98845358,0.2454871555,0.0512570336,0.9047851565,3.9559000000000005e-05,708.0,8940.0,430.8161605,956.8140625000001,3122.61591385,45.879425049999995
null,null,mixed-disjoint,10,16,ok 16,True,,4.470854705000001,29.0048964,0.000251587953,14.11863975,0.5014742974999999,1.86880447e-05,0.000149122763,0.0,4e-08,24.0,24.0,0.0,0.0,,
null-no405,null,mixed-disjoint,10,16,ok 16,True,,3.8678623500000002,29.0048948,0.0002508802985,12.215800250000001,0.5015766605,1.707625185e-05,0.000153351776,0.0,4e-08,24.0,24.0,0.0,0.0,,
oatpp,competitor,mixed-disjoint,10,16,ok 16,True,,331.41400150000004,2910.6311,2.916158045,1045.5625599999998,1.615597285,0.01717970345,0.021836694599999998,4.427001955,7.935e-06,10496.0,8376.0,300.56960300000003,681.2904045,2881.6262033000003,
path-tree,competitor,mixed-disjoint,10,16,ok 16,True,,86.848955,862.9708330000001,2.3934478749999997,273.96579499999996,1.15311984,0.00585450517,0.0190088232,0.0,3.868e-06,9436.0,8256.0,90.1708307,160.304065,833.96593825,
pistache,competitor,mixed-disjoint,10,16,ok 16,True,,1192.017335,12444.063,5.965820315,3751.5808150000003,1.94152277,0.0258766868,0.04222430605,8.045410154999999,1.56695e-05,16288.0,11072.0,1107.0984,1903.5921050000002,12415.05810535,
r3,competitor,mixed-disjoint,10,16,ok 16,True,,76.40908304999999,746.553432,2.1732828,240.96790199999998,1.176163765,0.01005859375,0.0191830726,2.0,9.848499999999999e-06,19472.0,17548.0,70.13300795,110.2090125,717.54853725,
radix,reference,mixed-disjoint,10,16,ok 16,True,,83.4542318,827.5575345,1.7210612,263.41213100000004,1.0941641400000002,0.006407855305,0.01825004275,0.0,2.6544999999999997e-06,11344.0,2152.0,80.1519092,110.208982,798.5526378,
regexmatcher-v1,reference,mixed-disjoint,10,3,ok 3,True,,861.842285,7366.6001,18.6193848,2721.08594,37.9528809,0.253645833,3.51359049,5.90405273,0.000105948,125480,45640,811.539818,2274.31529,7337.595205199999,
regexmatcher-v2,under test (H1 to H4),mixed-disjoint,10,16,ok 16,True,,51.75969325,546.7673485,1.60993164,163.443005,1.09033322,0.007099611295000001,0.0179970055,0.0,5.681e-06,9000.0,2368.0,50.094889550000005,80.15187675,517.76245185,
regexmatcher-v2-ct,under test (H7),mixed-disjoint,10,16,ok 16,True,,51.83100025,546.7673505,1.61271597,163.634834,1.089199125,0.00648230661,0.018020293450000002,0.0,3.246e-06,3128.0,640.0,50.0949033,80.1519085,517.76245385,
regexmatcher-v2-r1,ablation (exploratory),mixed-disjoint,10,16,ok 16,True,,51.80193075,546.7673535,1.612154445,163.494052,1.09063491,0.00396856431,0.01788853545,0.0,6.928e-06,39632.0,2728.0,50.09494694999999,80.15191515000001,517.76245685,
std-regex,reference,mixed-disjoint,10,3,ok 3,True,,1546.28564,15231.0967,10.7871094,4881.56787,21.5669861,0.35256958,0.129058838,26.6447754,3.6358e-05,50840,23760,1312.48817,3877.35441,15202.0918052,
uwebsockets,competitor,mixed-disjoint,10,16,ok 16,True,,69.91932295000001,704.8134225,1.62135966,220.6469915,1.16214706,0.007204402355,0.0201198639,0.0,6.357e-06,9276.0,6832.0,60.1140043,100.189949,675.8085277499999,
actix-router,competitor,mixed-disjoint,100,16,ok 16,True,,3433.9610599999996,25363.6093,23.36730955,10835.76625,880.8408505,10.00674437,304.80325300000004,37.4921875,0.0036801,33420404.0,1883424.0,3256.17241,7824.838865,25334.6044033,
boost-url,competitor,mixed-disjoint,100,16,ok 16,True,,434.08585600000004,4606.81913,5.748331705,1370.87211,5.589557515,0.0197072898,0.382929609,0.0,0.0001038805,96416.0,46784.0,420.79764,571.0834375,4577.8142315000005,
chi,competitor,mixed-disjoint,100,16,ok 16,True,,173.52274,1666.62129,3.0449916249999998,544.6955455,17.46401965,0.1065931722,0.019213967499999998,0.0,0.0001014655,5616.0,63420.0,240.45586250000002,330.626161,1620.4789460499999,45.7006531
cpp-httplib,competitor,mixed-disjoint,100,16,ok 16,True,,939.5916745,9289.54895,6.3138427749999995,2964.8981949999998,76.15849220000001,0.04271052435,3.0864083449999997,1.752929685,4.06565e-05,49488.0,34180.0,921.7487154999999,1823.453285,9260.5440535,
crow,competitor,mixed-disjoint,100,16,ok 16,True,,703.6990969999999,6534.79474,9.79284668,2217.14142,7.57139757,0.0487528126,0.0581840565,11.52453615,7.4811e-05,97696.0,17216.0,671.2721285,1182.2391149999999,6505.7898433,
drogon,competitor,mixed-disjoint,100,16,ok 16,True,,5478.96643,51604.2445,30.197509750000002,17298.5497,438.1217855,2.3045654300000002,32.8019206,123.25915499999999,0.000648725,759652.0,292224.0,5355.152755,13650.86175,51575.2396034,
gin,competitor,mixed-disjoint,100,16,ok 16,True,,75.10712240000001,672.9896309999999,3.069185145,235.405654,6.281671945,0.02305940855,0.0156441201,0.0,6.7983e-05,5116.0,28764.0,150.2844295,210.39873,626.84728805,46.292694100000006
glaze,competitor,mixed-disjoint,100,16,ok 16,True,,404.18509900000004,3024.43156,8.65152995,1276.173825,14.8655004,0.08975711945,2.4977830450000003,5.2279052749999995,9.762900000000001e-05,149944.0,123296.0,430.816814,701.3296975000001,2995.4266653,
hash,reference,mixed-disjoint,100,16,refused 16,False,refused: hash: an exact-match table holds literal routes only,,,,,,,,,,,,,,,
httprouter,competitor,mixed-disjoint,100,16,ok 16,True,,105.10641799999999,1016.668345,3.46386987,325.5849245,8.706042665,0.21877821349999999,0.09256383174999999,0.752075195,6.0368499999999996e-05,5084.0,21804.0,160.303752,325.61475099999996,970.5260008,46.5112457
matchit,competitor,mixed-disjoint,100,16,ok 16,True,,107.6404355,722.1431275,4.578020925000001,339.747203,13.523828949999999,0.0275821261,5.04379943,0.0,7.20855e-05,126464.0,104604.0,100.1899335,200.38002699999998,693.13823085,
nethttp,competitor,mixed-disjoint,100,16,ok 16,True,,341.2799585,3408.29436,8.778767904999999,1068.54792,17.035774,0.383628409,0.1052870715,1.00280762,0.0003291335,7008.0,70476.0,510.965827,1182.241205,3330.1520086500004,45.85590365
null,null,mixed-disjoint,100,16,ok 16,True,,3.8667210049999996,29.00489485,0.0002503241525,12.213311699999998,0.501475084,2.1040862499999998e-05,0.0001629099045,0.0,4e-08,24.0,24.0,0.0,0.0,,
null-no405,null,mixed-disjoint,100,16,ok 16,True,,4.47140427,29.0048966,0.0002510739675,14.122667,0.501431304,1.52484084e-05,0.00015458330849999998,0.0,4e-08,24.0,24.0,0.0,0.0,,
oatpp,competitor,mixed-disjoint,100,16,ok 16,True,,1041.56116,9656.242675,10.34899905,3288.489505,268.13649499999997,0.06844075520000001,0.10015869145,5.01220703,7.04575e-05,102936.0,82320.0,1021.935745,2053.89459,9627.23778045,
path-tree,competitor,mixed-disjoint,100,16,ok 16,True,,130.9044475,1100.108885,4.77367215,413.0951785,6.23930157,0.025019274299999998,2.286488835,0.0,4.6222e-05,89356.0,78448.0,130.2468755,215.408388,1071.1039883,
pistache,competitor,mixed-disjoint,100,16,ok 16,True,,1298.45801,13160.53015,8.58605957,4098.89758,13.335021999999999,0.119555664,1.6698242200000002,8.274902345000001,0.0001625205,130804.0,76968.0,1222.31809,2028.844405,13131.525253650001,
r3,competitor,mixed-disjoint,100,16,ok 16,True,,134.556089,1110.563355,3.499778055,424.610329,15.863835900000002,0.050792877949999996,1.804369185,2.0,0.00010905999999999999,195140.0,170608.0,120.22785300000001,220.418589,1081.5584584,
radix,reference,mixed-disjoint,100,16,ok 16,True,,120.13926,978.921775,3.598551435,379.32002350000005,1.2851117749999998,0.010433208150000001,0.019020899850000002,0.0,2.7842500000000003e-05,53224.0,10440.0,110.2089555,160.3038515,949.9168765500001,
regexmatcher-v1,reference,mixed-disjoint,100,3,ok 3,True,,1021.55225,8584.31055,22.0412598,3225.44385,116.068563,1.09221004,13.3610464,6.25512695,0.001045908,1174440,345816,1021.93942,2354.46834,8555.3056516,
regexmatcher-v2,under test (H1 to H4),mixed-disjoint,100,16,ok 16,True,,62.5995734,568.3981175,2.64622511,197.606137,1.222320815,0.00659453521,0.0188401157,0.0,5.9652000000000004e-05,76112.0,15976.0,60.11395345,100.189886,539.39322085,
regexmatcher-v2-ct,under test (H7),mixed-disjoint,100,16,ok 16,True,,62.8354899,568.3981220000001,2.65453474,198.262007,1.1190914250000001,0.0065061141,0.0186906329,0.0,2.52425e-05,26168.0,4000.0,60.11398415,100.18984549999999,539.39322535,
regexmatcher-v2-r1,ablation (exploratory),mixed-disjoint,100,16,ok 16,True,,62.776203100000004,568.3981180000001,2.6421875,198.195965,1.3058094850000002,0.008029423285,0.01875239945,0.0,7.470050000000001e-05,340712.0,21080.0,60.113946150000004,100.18991,539.39322135,
std-regex,reference,mixed-disjoint,100,3,ok 3,True,,7283.3562,74286.0283,37.9030762,23005.8811,562.80363,2.51090495,33.8900553,206.522217,0.000417776,528072,246960,7093.43505,14627.7051,74257.0234016,
uwebsockets,competitor,mixed-disjoint,100,16,ok 16,True,,105.7244125,913.0023585,3.321674055,333.70043250000003,5.495284305,0.019657110550000002,1.648136355,0.0,6.45965e-05,54488.0,30016.0,100.1904215,170.3221765,883.9974601,
actix-router,competitor,mixed-disjoint,1000,16,ok 16,True,,61261.39515,226802.94449999998,176.8160615,193118.5445,8666.50826,6628.1211650000005,2906.013425,374.9955665,0.036460625499999996,334068976.0,18692616.0,57619.20325,144288.4,226773.93960165,
boost-url,competitor,mixed-disjoint,1000,16,ok 16,True,,626.9265745,6256.5017100000005,13.5720215,1978.983765,31.827685549999998,0.785821533,6.246826175,0.0,0.001293623,797332.0,377524.0,621.1774069999999,826.566131,6227.49681135,
chi,competitor,mixed-disjoint,1000,16,ok 16,True,,248.882666,1848.7200400000002,5.15222168,783.326416,36.88449465,4.71340367,0.9219189455000001,0.0,0.0010356979999999998,55224.0,612740.0,310.58926299999996,536.0159994999999,1802.5776959,46.02463535
cpp-httplib,competitor,mixed-disjoint,1000,16,ok 16,True,,8486.08899,82535.66065,78.762207,26778.076549999998,2768.995035,58.467854849999995,216.499593,1.735351565,0.0003680925,457388.0,318132.0,8395.912219999998,16611.469,82506.65575154999,
crow,competitor,mixed-disjoint,1000,16,ok 16,True,,898.2771605,7858.06653,17.76550295,2831.380675,36.57547435,1.0719778899999999,3.349600655,12.7940674,0.0006937295,845132.0,161692.0,861.6334355,1462.77056,7829.061633400001,
drogon,competitor,mixed-disjoint,1000,16,ok 16,True,,43427.4004,400255.6455,286.80542,136930.8045,3968.1148249999997,579.6691085,254.2471515,1132.851925,0.0066732045,7490860.0,2868164.0,38192.36495,112703.6725,400226.6406017,
gin,competitor,mixed-disjoint,1000,16,ok 16,True,,103.119441,775.211405,4.680311935,323.7669095,19.5258334,0.380579761,0.0582660829,0.0,0.0006557135,50112.0,270612.0,175.332011,275.5219775,729.0690620999999,46.3722229
glaze,competitor,mixed-disjoint,1000,16,ok 16,True,,481.6317955,3077.881715,11.03068035,1518.853925,28.9611309,6.472313515,12.66846175,5.208251955,0.000899342,1426592.0,1166816.0,531.0061410000001,856.6196095,3048.8768167,
hash,reference,mixed-disjoint,1000,16,refused 16,False,refused: hash: an exact-match table holds literal routes only,,,,,,,,,,,,,,,
httprouter,competitor,mixed-disjoint,1000,16,ok 16,True,,138.124597,1162.6343499999998,5.10191515,423.03277249999996,19.61261185,0.545784416,0.5768952275,0.7490234375,0.0005922235,50080.0,205768.0,190.3607735,480.9116155,1116.49200585,46.373046900000006
matchit,competitor,mixed-disjoint,1000,16,ok 16,True,,148.43229200000002,792.95246,6.0581665000000005,468.10026849999997,27.393767850000003,6.058428185,6.607952395,0.0,0.0007688770000000001,1242200.0,1012800.0,140.26572199999998,300.5690105,763.9475613499999,
nethttp,competitor,mixed-disjoint,1000,16,ok 16,True,,381.37557,3472.342855,10.6403402,1192.91427,24.953703849999997,5.35049931,0.715039587,0.997680664,0.0027266885,69324.0,654088.0,541.026116,1322.5053699999999,3394.20050335,45.8656845
null,null,mixed-disjoint,1000,16,ok 16,True,,5.09533598,29.0048985,0.000252123484,16.0922035,0.5015049965,6.206432415000001e-06,0.000120856692,0.0,4e-08,24.0,24.0,0.0,0.0,,
null-no405,null,mixed-disjoint,1000,16,ok 16,True,,5.0899640900000005,29.0048981,0.00025153313499999997,16.0774833,0.5016460205,8.116545385e-06,0.000154018079,0.0,4e-08,24.0,24.0,0.0,0.0,,
oatpp,competitor,mixed-disjoint,1000,16,ok 16,True,,8346.00244,74313.26485,45.75891115,26279.9917,3406.01591,425.3490395,162.82670050000002,4.974121095,0.000664848,1003692.0,809440.0,8260.650275,18094.4098,74284.2599534,
path-tree,competitor,mixed-disjoint,1000,16,ok 16,True,,183.83185650000001,1260.94706,7.027651110000001,579.242257,27.2208713,1.529382755,10.09564625,0.0,0.000513155,871788.0,752784.0,180.341753,310.5885965,1231.94216115,
pistache,competitor,mixed-disjoint,1000,16,ok 16,True,,1387.6664999999998,13210.9703,11.56652835,4379.3042000000005,29.04131405,4.95681424,11.100246850000001,8.238769529999999,0.001596276,1204336.0,664356.0,1312.4883,2144.067265,13181.9654037,
r3,competitor,mixed-disjoint,1000,16,ok 16,True,,166.846795,951.829651,4.846575055000001,526.4540255,37.9541569,7.36291613,11.728111,2.0,0.0011993805,1938260.0,1625784.0,160.304039,310.588787,922.82475425,
radix,reference,mixed-disjoint,1000,16,ok 16,True,,163.7263135,1101.15495,6.624257405,516.63887,10.22741865,0.018470815,0.021702979,0.0,0.000296072,499948.0,121176.0,160.30380250000002,220.4180365,1072.1500514000002,
regexmatcher-v1,reference,mixed-disjoint,1000,3,ok 3,True,,1168.80859,8769.22827,24.9333496,3689.55078,143.779319,33.3864524,17.5613237,6.22363281,0.013406042,11184192,3087576,1172.21991,2675.07325,8740.223375399999,
regexmatcher-v2,under test (H1 to H4),mixed-disjoint,1000,16,ok 16,True,,66.62833475,579.4136335000001,2.841147655,210.259971,5.185843305000001,0.01799657035,0.020172430749999998,0.0,0.0006712775,714464.0,144392.0,60.113990900000005,110.208879,550.408735,
regexmatcher-v2-ct,under test (H7),mixed-disjoint,1000,16,ok 16,True,,66.53948785,579.4136295000001,2.841229965,209.8522875,1.1823429349999999,0.01770522685,0.0201228463,0.0,0.00024020699999999999,240064.0,30880.0,60.11395445,110.208883,550.408731,
regexmatcher-v2-r1,ablation (exploratory),mixed-disjoint,1000,16,ok 16,True,,67.18459695,579.413632,2.8394122250000002,212.03931949999998,5.267314525,0.01895462235,0.020223881,0.0,0.0018871095,2969368.0,185416.0,60.1139797,110.2089215,550.4087334999999,
std-regex,reference,mixed-disjoint,1000,3,ok 3,True,,66356.7336,650188.245,513.382345,209253.978,5493.42963,859.24196,365.389641,2005.4985,0.004062517,5252088,2454688,64412.0114,132571.038,650159.2401013,
uwebsockets,competitor,mixed-disjoint,1000,16,ok 16,True,,161.158432,1117.68561,6.049757215,508.26392799999996,21.2699927,0.567827435,7.122472815,0.0,0.0007046255,464472.0,233808.0,160.303844,285.54121250000003,1088.68071345,
actix-router,competitor,mixed-disjoint,10000,16,ok 16,True,,1129434.42,2264236.0549999997,1630.3066549999999,3558300.6500000004,88828.3276,88399.96375,27560.11685,3794.514685,0.400193436,3343115304.0,188518440.0,998145.452,3215627.4,2264207.0501055503,
boost-url,competitor,mixed-disjoint,10000,16,ok 16,True,,1884.8753649999999,17308.3739,38.2088623,5944.191525,341.48922300000004,83.1195417,236.1790595,0.0,0.012422302999999999,6693784.0,3159556.0,1863.53474,2619.9680399999997,17279.3690012,
chi,competitor,mixed-disjoint,10000,16,ok 16,True,,381.2644855,2069.20154,7.929056805,1200.56603,52.483852049999996,25.880867,0.004126693265,0.0,0.013183709,552308.0,6184312.0,440.83545449999997,1567.96925,2023.0591961,45.83903505
cpp-httplib,competitor,mixed-disjoint,10000,16,ok 16,True,,89346.61925,823597.8470000001,969.5563895,281589.3145,28366.382,23984.3018,483.898145,1.74061262,0.0034812465,5152304.0,3464432.0,88557.5726,174355.2495,823568.84210115,
crow,competitor,mixed-disjoint,10000,16,ok 16,True,,1088.170165,9312.190185,20.622070299999997,3432.4119899999996,67.59189674999999,12.348192650000001,5.88769531,14.713989250000001,0.0066328865,7863244.0,1651436.0,1062.013655,1718.2582499999999,9283.185288749999,
drogon,competitor,mixed-disjoint,10000,16,ok 16,True,,443262.9145,3906404.21,2828.41533,1397684.4249999998,44416.509,15089.871200000001,2208.060975,11259.80845,0.0985646065,74101912.0,28278236.0,390420.9035,1163514.2850000001,3906375.2051016,
gin,competitor,mixed-disjoint,10000,16,ok 16,True,,186.70678700000002,901.8930425000001,6.59639195,586.5209090000001,28.7929559,12.8898481,0.0008732722355,0.0,0.006152316,501496.0,2734428.0,260.49408400000004,1062.01476,855.75069925,45.83123775
glaze,competitor,mixed-disjoint,10000,16,ok 16,True,,512.0308435,3081.005615,10.6648763,1615.639565,26.23155865,17.435733650000003,7.609106445,5.219970705,0.008881265,14549532.0,11774088.0,566.07236,1552.944325,3052.0007166,
hash,reference,mixed-disjoint,10000,16,refused 16,False,refused: hash: an exact-match table holds literal routes only,,,,,,,,,,,,,,,
httprouter,competitor,mixed-disjoint,10000,16,ok 16,True,,221.0146325,1398.21063,7.4813029,696.042338,30.770615499999998,11.9134488,0.06168235925,0.7513427735,0.0055270015,501464.0,2081532.0,260.4934675,1167.21285,1352.06828585,46.43331905
matchit,competitor,mixed-disjoint,10000,16,ok 16,True,,220.176534,879.4151609999999,7.700236005,694.6067995000001,40.1831447,23.21794345,8.784506905,0.0,0.0077688735000000005,12296304.0,10139960.0,210.398833,951.805571,850.4102664499999,
nethttp,competitor,mixed-disjoint,10000,16,ok 16,True,,422.791239,3481.10225,10.83687335,1324.44759,24.3898016,13.9664349,9.277680495,0.998046875,0.035023808000000003,691116.0,5747276.0,571.084388,1613.056935,3402.9598988,46.005912800000004
null,null,mixed-disjoint,10000,16,ok 16,True,,5.09419033,29.00489845,0.00025174321100000004,16.0909981,0.501570643,2.406579835e-05,0.00014288000699999999,0.0,4e-08,24.0,24.0,0.0,0.0,,
null-no405,null,mixed-disjoint,10000,16,ok 16,True,,5.094518245,29.004898400000002,0.0002519185805,16.08929825,0.5017300265,2.27471205e-05,0.00012684653549999999,0.0,4e-08,24.0,24.0,0.0,0.0,,
oatpp,competitor,mixed-disjoint,10000,16,ok 16,True,,113168.6795,720469.1174999999,320.6770805,356819.05799999996,36267.799100000004,29589.13855,1155.951175,5.001815775,0.006455311,10524564.0,8336072.0,112713.65650000001,224445.089,720440.11260325,
path-tree,competitor,mixed-disjoint,10000,16,ok 16,True,,282.979297,1453.560375,9.687286375,891.7841794999999,50.2119002,20.6546298,19.14539685,0.0,0.005256699,8994152.0,7726464.0,280.5316825,951.8051614999999,1424.5554785,
pistache,competitor,mixed-disjoint,10000,16,ok 16,True,,1394.69019,13276.181550000001,10.9293213,4397.34839,28.3978,11.840928850000001,6.563761395,8.24926758,0.015532038,11958068.0,6524668.0,1302.474995,2264.2925349999996,13247.176651599999,
r3,competitor,mixed-disjoint,10000,16,ok 16,True,,268.0507325,1034.6075449999998,6.582739255,845.371753,59.66524075,25.201983900000002,24.17370605,2.0,0.0134690905,20386852.0,16554952.0,270.51257499999997,1197.2696,1005.6026462,
radix,reference,mixed-disjoint,10000,16,ok 16,True,,246.422526,1251.6680649999998,11.34757485,777.488383,26.94074215,4.043549805,4.367323065,0.0,0.0036597235,6029532.0,1049664.0,250.47441099999998,576.0913595,1222.6631681,
regexmatcher-v1,reference,mixed-disjoint,10000,3,ok 3,True,,1421.90649,9268.49829,28.0209961,4486.45654,188.58374,59.6412218,21.0031196,6.25805664,0.553026119,110230648,29258704,1492.82916,3747.10138,9239.493391,
regexmatcher-v2,under test (H1 to H4),mixed-disjoint,10000,16,ok 16,True,,83.36123045,580.6541585,2.875587465,262.88501799999995,6.631945225,2.405834295,3.0686282599999997,0.0,0.008982311,7861584.0,1713072.0,90.17090060000001,465.8832585,551.64926385,
regexmatcher-v2-ct,under test (H7),mixed-disjoint,10000,16,refused 16,False,refused: regexmatcher-v2-ct: no compile-time table in bench/gen holds these routes (generated for m <= 1000 and the table seeds of rbench's kTableSeeds),,,,,,,,,,,,,,,
regexmatcher-v2-r1,ablation (exploratory),mixed-disjoint,10000,16,ok 16,True,,83.49173995,580.6541589999999,2.874045875,263.5082195,6.62202402,2.395755825,3.0936016349999997,0.0,0.0165344225,40254320.0,2199416.0,90.17060950000001,430.817315,551.6492643500001,
std-regex,reference,mixed-disjoint,10000,3,ok 3,True,,700679.466,6449110.55,5332.21143,2209226.03,60393.8121,26833.12,3480.57752,20067.711,0.041353111,52925648,24748960,693621.966,1420739.57,6449081.5451013995,
uwebsockets,competitor,mixed-disjoint,10000,16,ok 16,True,,451.68721500000004,2425.1341549999997,18.0360921,1421.417845,136.73276249999998,26.68054635,97.47536195,0.0,0.0098756905,5078512.0,2524144.0,440.83617749999996,1127.135855,2396.12925615,
actix-router,competitor,mixed-disjoint,100000,16,ok 16,True,,30138279.0,22498147.4,15316.0625,94996195.75,890278.3644999999,926862.604,267835.917,37743.53125,4.23500494,33422212192.0,1879870960.0,29412893.5,63777973.5,22498118.3951011,
boost-url,competitor,mixed-disjoint,100000,16,ok 16,True,,13492.651000000002,122376.62,195.19396949999998,42554.87315,4091.0434999999998,2414.7454,4.854736325,0.0,0.32138548899999997,100319096.0,46300208.0,13345.3239,19211.3916,122347.61510319999,
chi,competitor,mixed-disjoint,100000,16,ok 16,True,,541.5893555,2241.5307000000003,10.00341795,1701.5236799999998,73.58980915000001,45.92198165,0.894678422,0.0,0.1947389675,5530916.0,61463080.0,596.129555,1898.593105,2195.38835605,45.8795853
cpp-httplib,competitor,mixed-disjoint,100000,16,ok 16,True,,958624.165,8035382.705,8365.162515,3017952.565,276938.6265,2503.67206,4108.82084,1.7207792199999998,0.035492719000000006,48410660.0,33081076.0,939455.6344999999,1940890.165,8035353.7001016,
crow,competitor,mixed-disjoint,100000,16,ok 16,True,,1713.4292,13019.1477,29.9084473,5407.36365,143.57521050000003,55.1179962,19.5547333,15.96240235,0.0838167975,72341452.0,16027164.0,1843.4853400000002,2940.5708050000003,12990.14280335,
drogon,competitor,mixed-disjoint,100000,16,ok 16,True,,7801433.585,36879409.2,26316.51095,24585602.45,426201.93700000003,140135.242,14481.934150000001,106633.468,4.612667195,761433900.0,292966640.0,6381206.26,22644365.05,36879380.195105195,
gin,competitor,mixed-disjoint,100000,16,ok 16,True,,251.1349325,1004.771435,7.92104085,788.06757,35.19486155,21.1928962,0.8252894085,0.0,0.106187743,5014620.0,27178000.0,320.6077715,1462.774255,958.6290919,45.705787650000005
glaze,competitor,mixed-disjoint,100000,16,ok 16,True,,585.4841915,3086.8635249999998,10.97601315,1847.758665,26.626087,22.0877453,9.19167549,5.21972656,0.1193068015,144854760.0,117367260.0,651.2347015,2038.86752,3057.8586284000003,
hash,reference,mixed-disjoint,100000,16,refused 16,False,refused: hash: an exact-match table holds literal routes only,,,,,,,,,,,,,,,
httprouter,competitor,mixed-disjoint,100000,16,ok 16,True,,267.92440999999997,1237.8718,8.133422855,819.1779055,34.0327812,18.619078299999998,1.34076707,0.7518310545,0.08748668,5014588.0,20665052.0,320.6075915,1572.9819,1191.7294554,45.848113999999995
matchit,competitor,mixed-disjoint,100000,16,ok 16,True,,311.9779355,950.3705445,9.261206055,984.154938,48.21438365,35.997462799999994,12.66877315,0.0,0.092137747,124480904.0,101676120.0,310.5886355,1342.54458,921.36564585,
nethttp,competitor,mixed-disjoint,100000,16,ok 16,True,,438.3999025,3485.37101,10.6875814,1373.3031,25.6649475,14.5651647,2.52645002,0.9997558585,0.46689899,6914976.0,53240844.0,581.101224,1828.466255,3407.2286587,45.81401065
null,null,mixed-disjoint,100000,16,ok 16,True,,5.088636,29.004898249999997,0.000251442496,16.07889985,0.5020303915,1.684925115e-05,0.000129542465,0.0,4e-08,24.0,24.0,0.0,0.0,,
null-no405,null,mixed-disjoint,100000,16,ok 16,True,,5.092948505,29.0048984,0.0002520481435,16.091237800000002,0.5016934575,3.154583495e-05,0.0001182066815,0.0,4e-08,24.0,24.0,0.0,0.0,,
oatpp,competitor,mixed-disjoint,100000,16,ok 16,True,,3953096.95,7150376.945,2864.257805,12459394.15,367711.6095,304474.10699999996,13890.9547,5.017582415,0.0659419965,102738344.0,82133048.0,3563881.005,8594862.875,7150347.94010155,
path-tree,competitor,mixed-disjoint,100000,16,ok 16,True,,447.3509115,1615.427935,11.47314455,1411.68217,74.02389755,51.3530934,30.430297850000002,0.0,0.066694708,89031068.0,76404648.0,450.8543565,1407.670855,1586.4230366,
pistache,competitor,mixed-disjoint,100000,16,ok 16,True,,1450.568725,13292.45385,11.094482450000001,4578.418825000001,28.9724799,16.26867675,7.905137805,8.25354004,0.161453987,117924196.0,63612852.0,1377.609645,2640.007265,13263.448951499999,
r3,competitor,mixed-disjoint,100000,16,ok 16,True,,470.183065,1108.584045,8.310221355,1483.040975,84.8388062,51.7235201,42.2939171,2.0,0.16898265499999998,207334892.0,163839840.0,460.8733875,1552.945965,1079.5791333500001,
radix,reference,mixed-disjoint,100000,16,ok 16,True,,359.868866,1412.1127000000001,15.58361815,1135.778255,46.79823575,24.72336355,7.562049979999999,0.0,0.048767956,50146452.0,9168168.0,360.6834775,1122.12819,1383.1078036499998,
regexmatcher-v2,under test (H1 to H4),mixed-disjoint,100000,16,ok 16,True,,92.67030550000001,581.8999025,2.977196105,292.39943900000003,6.946168965,4.125996069999999,1.08372188,0.0,0.12014823999999999,79588920.0,14889744.0,90.17110905,681.289854,552.89500395,
regexmatcher-v2-ct,under test (H7),mixed-disjoint,100000,16,refused 16,False,refused: regexmatcher-v2-ct: no compile-time table in bench/gen holds these routes (generated for m <= 1000 and the table seeds of rbench's kTableSeeds),,,,,,,,,,,,,,,
regexmatcher-v2-r1,ablation (exploratory),mixed-disjoint,100000,16,ok 16,True,,93.6417806,581.8999195,2.980151995,295.4301005,7.033000599999999,4.05108055,1.323515255,0.0,0.182560616,351584480.0,22969688.0,100.189843,681.291346,552.89502095,
uwebsockets,competitor,mixed-disjoint,100000,16,ok 16,True,,3442.0811750000003,14693.16065,122.7597655,10860.6532,1122.848845,832.7675475000001,675.6064455000001,0.0,0.455925902,47684324.0,23312200.0,3376.400005,7539.283864999999,14664.15575165,
actix-router,competitor,mixed-overlap,10,16,ok 16,True,,443.4735105,4199.056355000001,4.604410809999999,1399.761395,24.0513698,0.060354379550000004,17.4759213,3.7095947249999996,0.0003041525,3015776.0,152536.0,450.8547075,876.6621695,4170.0514583,
boost-url,competitor,mixed-overlap,10,16,disagrees 16,False,"incomparable: 383 to 447 of 4,096 answers differ",,,,,,,,,,,,,,,
chi,competitor,mixed-overlap,10,16,ok 16,True,,142.4259605,1527.3989000000001,1.6588406,447.049627,1.794027335,0.03691584645,0.01751934135,0.0,1.572e-05,424.0,7648.0,210.3986865,300.56964500000004,1481.25655555,45.77339175
cpp-httplib,competitor,mixed-overlap,10,16,ok 16,True,,171.1933945,1616.2463050000001,1.96058655,540.129087,1.1851081300000001,0.012468361099999999,0.01914054635,1.20617676,3.2110000000000003e-06,5604.0,4196.0,160.303939,310.58902650000005,1587.2414082999999,
crow,competitor,mixed-overlap,10,16,ok 16,True,,591.2880244999999,5659.559325,6.7354736299999995,1866.6124300000001,1.4555216500000001,0.0180306571,0.02870977495,9.838623049999999,6.286999999999999e-06,9728.0,2672.0,571.082711,826.5680315,5630.55441435,
drogon,competitor,mixed-overlap,10,16,ok 16,True,,1330.29797,12129.17885,8.756591794999999,4200.305665,19.400690400000002,0.04435628255,0.1358886715,18.07006835,5.5805e-05,67476.0,25844.0,1407.669935,3060.7963799999998,12100.173955350001,
gin,competitor,mixed-overlap,10,16,disagrees 16,False,"incomparable: 383 to 447 of 4,096 answers differ",,,,,,,,,,,,,,,
glaze,competitor,mixed-overlap,10,16,ok 16,True,,323.227936,2794.0419,3.23666382,1019.751465,1.77065315,0.019662957449999997,0.0287090101,4.98059082,9.037e-06,18116.0,15884.0,350.6643695,676.281281,2765.03700535,
hash,reference,mixed-overlap,10,16,refused 16,False,refused: hash: an exact-match table holds literal routes only,,,,,,,,,,,,,,,
httprouter,competitor,mixed-overlap,10,16,refused 16,False,refused: httprouter: wildcard route ':p0' conflicts with existing children in path '/dotic/zuc/:p0',,,,,,,,,,,,,,,
matchit,competitor,mixed-overlap,10,16,ok 16,True,,92.44637625,791.990634,2.7221999400000003,291.4969625,1.20047587,0.01012825279,0.02280994095,0.807373047,6.718e-06,13912.0,11592.0,90.17093585,160.303902,762.98573915,
nethttp,competitor,mixed-overlap,10,16,ok 16,True,,282.12676999999996,3170.01303,3.93328247,881.980951,5.12945231,0.2766980625,0.056499280449999995,1.10620117,3.84325e-05,600.0,7480.0,420.799553,981.861933,3091.8706788,45.99382015
null,null,mixed-overlap,10,16,ok 16,True,,4.47130769,29.004896449999997,0.0002512894085,14.1247334,0.5015077754999999,7.948195285e-06,0.00013996200650000001,0.0,4e-08,24.0,24.0,0.0,0.0,,
null-no405,null,mixed-overlap,10,16,ok 16,True,,3.8839949750000002,29.00489485,0.00025046370500000003,12.267977649999999,0.5014389395000001,1.05505199e-05,0.000161438414,0.0,3.55e-08,24.0,24.0,0.0,0.0,,
oatpp,competitor,mixed-overlap,10,16,ok 16,True,,317.93017599999996,2786.868775,2.39715576,1003.226045,1.48640828,0.01960011015,0.0207224528,3.814697265,7.5445e-06,10120.0,8072.0,330.626484,571.0825775000001,2757.8638643,
path-tree,competitor,mixed-overlap,10,16,ok 16,True,,91.8441081,872.3360869999999,2.71410261,290.0353025,1.137496945,0.007751437445,0.01909340605,0.0,3.958e-06,11740.0,10776.0,90.17095025,160.3037755,843.33117635,
pistache,competitor,mixed-overlap,10,16,ok 16,True,,1131.92456,11799.9779,5.7274169950000005,3573.12256,1.95075018,0.028769753199999998,0.04283558235,8.002319335,1.4843e-05,15688.0,10584.0,1097.0784199999998,1673.171425,11770.9730012,
r3,competitor,mixed-overlap,10,16,disagrees 16,False,"incomparable: 383 to 447 of 4,096 answers differ",,,,,,,,,,,,,,,
radix,reference,mixed-overlap,10,16,ok 16,True,,82.4445801,794.161652,1.71482646,260.2871715,1.08427108,0.0063248747349999995,0.0179438875,0.0,1.833e-06,6024.0,1448.0,80.1517134,120.227833,765.1567572,
regexmatcher-v1,reference,mixed-overlap,10,3,ok 3,True,,1158.34448,10409.863,21.0449219,3639.9436,64.2100941,0.0812766335,8.14948065,6.81494141,8.2015e-05,105384,37632,1142.16313,2063.91335,10380.8580773,
regexmatcher-v2,under test (H1 to H4),mixed-overlap,10,16,ok 16,True,,52.81904955,560.9112775,1.58147823,166.7106355,1.0760538949999998,0.005041497395,0.0175070233,0.0,5.4e-06,8124.0,2136.0,50.0949984,90.1707946,531.9063808,
regexmatcher-v2-ct,under test (H7),mixed-overlap,10,16,ok 16,True,,52.9883988,560.9112745,1.5897403950000002,167.24515200000002,1.071060135,0.003368674935,0.017560143049999997,0.0,3.271e-06,3000.0,640.0,50.0949951,90.17091355,531.9063778,
regexmatcher-v2-r1,ablation (exploratory),mixed-overlap,10,16,ok 16,True,,52.791807750000004,560.9112775000001,1.5868498999999998,166.624211,1.0631728900000001,0.004719472969999999,0.017654367849999998,0.0,6.512e-06,38832.0,2448.0,50.095015000000004,90.17096995,531.9063808000001,
std-regex,reference,mixed-overlap,10,3,ok 3,True,,1461.24438,14519.6794,9.60595703,4614.85864,24.5238173,0.0324435764,0.137939453,26.1484375,3.4716e-05,47688,22224,1452.75413,2675.07139,14490.674477300001,
uwebsockets,competitor,mixed-overlap,10,16,ok 16,True,,68.84390694999999,670.9988435,1.622046395,217.441367,1.12146433,0.007768064815,0.01959277405,0.0,5.966e-06,9008.0,6528.0,60.113915750000004,110.2089065,641.9939466999999,
actix-router,competitor,mixed-overlap,100,16,ok 16,True,,3508.7244849999997,26374.22975,21.655273450000003,11075.9265,925.5437015,7.47000122,316.4356385,37.41052245,0.0033672579999999997,32590728.0,1637248.0,3426.48317,7399.018105,26345.224855599998,
boost-url,competitor,mixed-overlap,100,16,disagrees 16,False,"incomparable: 476 to 551 of 4,096 answers differ",,,,,,,,,,,,,,,
chi,competitor,mixed-overlap,100,16,ok 16,True,,188.271467,1775.28174,3.296003065,591.3503415,19.5640625,0.13714901200000001,0.01488794,0.0,0.000101095,4328.0,70516.0,250.474886,380.721545,1729.13939615,45.7929764
cpp-httplib,competitor,mixed-overlap,100,16,ok 16,True,,926.2353515,9125.240965,7.6829833999999995,2923.23126,66.21551514999999,0.03530447825,0.343610491,1.767089845,3.82875e-05,46104.0,33008.0,911.735315,1803.41821,9096.236070449999,
crow,competitor,mixed-overlap,100,16,ok 16,True,,835.49884,7677.1204849999995,13.65979005,2637.6198750000003,10.711653649999999,0.0494222005,0.0499674479,12.1484375,6.04585e-05,83096.0,20536.0,836.5864505,1177.2300799999998,7648.1155883,
drogon,competitor,mixed-overlap,100,16,ok 16,True,,5165.1355,49009.50255,28.9906006,16302.80655,309.890625,1.724934895,27.54341635,121.9410405,0.0006204769999999999,707668.0,267356.0,4899.270485,12648.97435,48980.49763894999,
gin,competitor,mixed-overlap,100,16,disagrees 16,False,"incomparable: 476 to 551 of 4,096 answers differ",,,,,,,,,,,,,,,
glaze,competitor,mixed-overlap,100,16,ok 16,True,,415.739787,3110.829835,8.517252605,1311.5887,17.4660726,0.111633301,2.692586265,5.323242185,0.00010208649999999999,172808.0,148956.0,430.81667000000004,796.5100560000001,3081.8249384,
hash,reference,mixed-overlap,100,16,refused 16,False,refused: hash: an exact-match table holds literal routes only,,,,,,,,,,,,,,,
httprouter,competitor,mixed-overlap,100,16,refused 16,False,refused: httprouter: wildcard route ':p0' conflicts with existing children in path '/dijasat/bojari/:p0',,,,,,,,,,,,,,,
matchit,competitor,mixed-overlap,100,16,ok 16,True,,129.68609099999998,913.8330080000001,4.8981578500000005,409.24239850000004,13.7379801,0.0373301134,5.73908856,0.882080078,7.31075e-05,131416.0,108156.0,130.246808,230.43615499999999,884.8281095,
nethttp,competitor,mixed-overlap,100,16,ok 16,True,,343.1353555,3409.484995,8.674377445000001,1070.943035,17.3181596,0.337369052,0.1108757465,1.2515869149999999,0.0003178355,5784.0,59784.0,500.948375,1222.316055,3331.342643,46.1669083
null,null,mixed-overlap,100,16,ok 16,True,,3.8499893949999997,29.0048948,0.00025065110599999997,12.1571877,0.5014757519999999,9.534142969999999e-06,0.0001643713695,0.0,4e-08,24.0,24.0,0.0,0.0,,
null-no405,null,mixed-overlap,100,16,ok 16,True,,3.86580478,29.00489465,0.00025007723,12.20938885,0.5014444015,2.076203955e-05,0.00016743482,0.0,4e-08,24.0,24.0,0.0,0.0,,
oatpp,competitor,mixed-overlap,100,16,ok 16,True,,1025.7357200000001,9707.458615,7.24133301,3238.7435299999997,252.5308675,0.06759565305000001,0.07581270655,5.0310058600000005,6.642e-05,97680.0,78528.0,996.888066,1918.6349850000001,9678.453718649998,
path-tree,competitor,mixed-overlap,100,16,ok 16,True,,132.4185935,1088.202295,4.860690030000001,418.0834885,7.28339426,0.0299970513,2.618837595,0.0,4.40825e-05,110656.0,100224.0,130.2468155,230.4363525,1059.1973965500001,
pistache,competitor,mixed-overlap,100,16,ok 16,True,,1241.8444800000002,12457.62705,8.634155275,3919.765745,12.8939453,0.220715332,1.7279907250000002,8.13659668,0.000150508,133080.0,81640.0,1197.2707599999999,1788.3768949999999,12428.62215545,
r3,competitor,mixed-overlap,100,16,disagrees 16,False,"incomparable: 1,022 to 1,533 of 4,096 answers differ",,,,,,,,,,,,,,,
radix,reference,mixed-overlap,100,16,ok 16,True,,121.1892515,959.3502530000001,3.862448955,382.52121999999997,1.188397575,0.007718227875,0.018233128799999998,0.0,2.1856000000000002e-05,50232.0,10056.0,110.2091175,180.3419615,930.34535645,
regexmatcher-v1,reference,mixed-overlap,100,3,ok 3,True,,1743.21118,13609.2153,43.4289551,5489.53101,166.396938,2.96097238,21.3723145,7.45117188,0.000926422,1025784,318032,1683.18931,2945.58129,13580.2104014,
regexmatcher-v2,under test (H1 to H4),mixed-overlap,100,16,ok 16,True,,63.81777955,601.9998065,2.488402055,201.51741950000002,1.171288085,0.012382326150000001,0.01810573125,0.0,5.3976e-05,71676.0,15456.0,60.113993199999996,110.2088315,572.99491185,
regexmatcher-v2-ct,under test (H7),mixed-overlap,100,16,ok 16,True,,63.55068825,601.9998049999999,2.50177874,200.641223,1.07803946,0.00498515565,0.0180355804,0.0,2.33535e-05,23984.0,4000.0,60.1139749,110.2089445,572.99491035,
regexmatcher-v2-r1,ablation (exploratory),mixed-overlap,100,16,ok 16,True,,64.54533695,601.9998049999999,2.494706655,203.572645,1.1891015,0.008438548340000001,0.017949343950000002,0.0,6.8143e-05,337020.0,20528.0,60.1140121,110.2089435,572.99491035,
std-regex,reference,mixed-overlap,100,3,ok 3,True,,7259.86548,74543.7458,40.9562988,22928.6016,499.768962,1.46582031,23.6809082,206.03418,0.000386277,468368,217776,6893.06766,14297.1236,74514.7408761,
uwebsockets,competitor,mixed-overlap,100,16,ok 16,True,,100.4595995,837.3524355,3.156174725,317.103977,5.111259555,0.01415271195,1.489630235,0.0,6.23775e-05,53508.0,30304.0,100.189922,160.3038905,808.347541,
actix-router,competitor,mixed-overlap,1000,16,ok 16,True,,63360.597,243803.95649999997,176.093018,199716.1675,9373.32655,7176.780865,3014.10025,373.572833,0.0347562345,324684284.0,16243848.0,56812.7243,126424.64249999999,243774.9516033,
boost-url,competitor,mixed-overlap,1000,16,disagrees 16,False,"incomparable: 479 to 527 of 4,096 answers differ",,,,,,,,,,,,,,,
chi,competitor,mixed-overlap,1000,16,ok 16,True,,270.9361815,1951.7329100000002,5.61333008,851.5043945,37.38099205,5.279633765,1.2241953995,0.0,0.0010328775,42140.0,652284.0,325.6190345,611.1587495,1905.5905660500002,45.67911530000001
cpp-httplib,competitor,mixed-overlap,1000,16,ok 16,True,,8821.838745,83619.75829999999,111.4945065,27833.04835,2655.720095,45.98311365,166.7401125,5.23828125,0.000347284,426976.0,307812.0,8746.56967,17578.30895,83590.7534052,
crow,competitor,mixed-overlap,1000,16,ok 16,True,,1085.2467000000001,9414.352905,24.3319092,3424.042485,51.412790900000005,1.5082702600000002,4.198679605,13.390625,0.000571731,726884.0,179236.0,1082.0501949999998,1562.96139,9385.34800835,
drogon,competitor,mixed-overlap,1000,16,ok 16,True,,43029.91725,400473.7315,361.7351075,135660.49349999998,2970.4439300000004,302.3460695,217.67342100000002,1138.7061800000001,0.006354432,6888636.0,2578840.0,38102.34035,112879.0125,400444.72660545,
gin,competitor,mixed-overlap,1000,16,disagrees 16,False,"incomparable: 479 to 527 of 4,096 answers differ",,,,,,,,,,,,,,,
glaze,competitor,mixed-overlap,1000,16,ok 16,True,,504.65873250000004,3140.141965,11.21972655,1591.615765,31.6469775,8.01078125,11.5754834,5.3146972649999995,0.000938483,1589636.0,1356968.0,531.00211,1031.957015,3111.13706825,
hash,reference,mixed-overlap,1000,16,refused 16,False,refused: hash: an exact-match table holds literal routes only,,,,,,,,,,,,,,,
httprouter,competitor,mixed-overlap,1000,16,refused 16,False,refused: httprouter: wildcard route ':p0' conflicts with existing children in path '/dotic/higuv/:p0',,,,,,,,,,,,,,,
matchit,competitor,mixed-overlap,1000,16,ok 16,True,,172.114903,981.4455565000001,6.753738405,543.0097965,26.35876295,5.065657444999999,6.9104272049999995,0.8990478515,0.000746637,1117308.0,876256.0,160.3039865,330.62752,952.44066195,
nethttp,competitor,mixed-overlap,1000,16,ok 16,True,,395.6737065,3472.0251900000003,11.973795599999999,1237.517415,26.800866149999997,5.0267997,0.327618338,1.2448730449999998,0.0030683235,56184.0,557120.0,551.04567,1417.688565,3393.8828321,45.8048706
null,null,mixed-overlap,1000,16,ok 16,True,,5.1254361500000005,29.004898349999998,0.000251864831,16.186539500000002,0.5018075,1.5875300749999997e-05,0.000136426139,0.0,4e-08,24.0,24.0,0.0,0.0,,
null-no405,null,mixed-overlap,1000,16,ok 16,True,,3.84775004,29.0048948,0.0002500681805,12.15298645,0.501616992,1.0476597399999999e-05,0.0001682465545,0.0,4e-08,24.0,24.0,0.0,0.0,,
oatpp,competitor,mixed-overlap,1000,16,ok 16,True,,8539.73804,76412.51405,34.2689209,26947.405550000003,3409.45028,388.504395,152.1239015,11.962646450000001,0.0006338575,950836.0,771488.0,8270.69228,18099.33205,76383.50915325,
path-tree,competitor,mixed-overlap,1000,16,ok 16,True,,188.71880249999998,1251.96207,7.3973359599999995,595.1163415,29.27103005,2.04344471,9.79485051,0.0,0.0004939995,954332.0,846144.0,170.322952,365.6942415,1222.95717335,
pistache,competitor,mixed-overlap,1000,16,ok 16,True,,1319.313355,12461.85305,11.59057615,4161.825805,27.8934204,4.848730465,10.0456421,8.114379885,0.001477539,1189396.0,674864.0,1267.410155,1973.743095,12432.8481533,
r3,competitor,mixed-overlap,1000,16,disagrees 16,False,"incomparable: 2,556 to 2,729 of 4,096 answers differ",,,,,,,,,,,,,,,
radix,reference,mixed-overlap,1000,16,ok 16,True,,172.555252,1104.039515,7.40107727,544.704956,9.36469241,0.01815688445,0.020079300850000002,0.0,0.00025697899999999995,404608.0,80952.0,160.303844,280.5316625,1075.03461625,
regexmatcher-v1,reference,mixed-overlap,1000,3,ok 3,True,,3944.53247,31281.8911,82.4553223,12435.6165,590.007019,64.7614136,82.9697876,27.0976562,0.011778376,10025576,2789240,3817.23989,7414.04534,31252.886201100002,
regexmatcher-v2,under test (H1 to H4),mixed-overlap,1000,16,ok 16,True,,76.8952146,620.748371,3.44317986,242.752607,6.1232406600000004,0.01178741455,0.0195137244,0.0,0.0006329305,615060.0,128560.0,70.13296729999999,140.2659495,591.7434743,
regexmatcher-v2-ct,under test (H7),mixed-overlap,1000,16,ok 16,True,,76.84861244999999,620.748372,3.44697486,242.6329205,1.18084377,0.0121917242,0.01924449375,0.0,0.000221216,218512.0,30880.0,70.1329201,140.26584,591.7434753,
regexmatcher-v2-r1,ablation (exploratory),mixed-overlap,1000,16,ok 16,True,,76.893897,620.74837,3.4533640549999998,242.636726,6.124168685,0.014606247,0.01957533585,0.0,0.001856784,2885148.0,156064.0,70.13287325,140.265896,591.7434733,
std-regex,reference,mixed-overlap,1000,3,ok 3,True,,66994.1218,656852.508,615.021211,211236.134,4512.09082,656.24159,306.624523,2004.80184,0.003795904,4657456,2163264,65664.3833,135166.176,656823.5031052,
uwebsockets,competitor,mixed-overlap,1000,16,ok 16,True,,158.60481249999998,1069.376655,5.860034519999999,500.3095855,20.7114793,0.575847797,5.0424582749999995,0.0,0.0006824725,450068.0,230936.0,160.3036205,310.586635,1040.3717603,
actix-router,competitor,mixed-overlap,10000,16,ok 16,True,,1167918.83,2401796.8600000003,1625.54169,3680407.99,94620.70235,93465.99220000001,28669.09755,3728.873185,0.381419693,3244930128.0,163205184.0,1034529.535,3065960.965,2401767.8551013004,
boost-url,competitor,mixed-overlap,10000,16,disagrees 16,False,"incomparable: 472 to 532 of 4,096 answers differ",,,,,,,,,,,,,,,
chi,competitor,mixed-overlap,10000,16,ok 16,True,,424.3304035,2217.306075,8.641845705000001,1333.40706,58.6948958,29.5433392,0.00579202586,0.0,0.013760932,419796.0,6592192.0,460.8740045,1382.63187,2171.16373105,45.7763901
cpp-httplib,competitor,mixed-overlap,10000,16,ok 16,True,,89383.4265,825090.782,969.0237295,281813.4605,27548.28345,17342.8875,638.5166690000001,40.26440195,0.0032407465,4842816.0,3360588.0,89444.37789999999,177049.5765,825061.7771037,
crow,competitor,mixed-overlap,10000,16,ok 16,True,,1468.64978,11922.6361,33.650146449999994,4632.4732650000005,113.009101,18.7205946,9.13304986,15.3140869,0.005369057,6675728.0,1836628.0,1427.705105,2033.8557,11893.63120345,
drogon,competitor,mixed-overlap,10000,16,ok 16,True,,450395.3465,3953254.545,3831.706655,1419720.185,37292.9991,14554.590400000001,1632.0665199999999,11409.537199999999,0.09819982,67998140.0,25345280.0,384273.76399999997,1163380.1099999999,3953225.54010165,
gin,competitor,mixed-overlap,10000,16,disagrees 16,False,"incomparable: 472 to 532 of 4,096 answers differ",,,,,,,,,,,,,,,
glaze,competitor,mixed-overlap,10000,16,ok 16,True,,551.546692,3170.2362249999996,10.97827145,1737.93494,29.085018849999997,19.36850905,9.373535154999999,5.3311767549999995,0.0095810915,16051476.0,13525492.0,581.1011364999999,1748.316065,3141.23132625,
hash,reference,mixed-overlap,10000,16,refused 16,False,refused: hash: an exact-match table holds literal routes only,,,,,,,,,,,,,,,
httprouter,competitor,mixed-overlap,10000,16,refused 16,False,refused: httprouter: wildcard route ':p0' conflicts with existing children in path '/dotic/zuc/:p0',,,,,,,,,,,,,,,
matchit,competitor,mixed-overlap,10000,16,ok 16,True,,250.006421,1094.1715049999998,8.404073075,788.5385985,42.6646699,24.0817323,9.975566404999999,0.934082031,0.0076211115,11257476.0,8836732.0,230.43686200000002,986.871764,1065.1666083,
nethttp,competitor,mixed-overlap,10000,16,ok 16,True,,439.1085815,3499.5059,10.871419249999999,1373.52372,28.323998449999998,13.137245499999999,7.371660155,1.24963379,0.0770128675,558780.0,5456772.0,581.1033175,1998.7906699999999,3421.3635485000004,45.855964650000004
null,null,mixed-overlap,10000,16,ok 16,True,,3.849829635,29.0048948,0.0002500542965,12.160504849999999,0.5015314815,7.18583883e-05,0.000169054011,0.0,4e-08,24.0,24.0,0.0,0.0,,
null-no405,null,mixed-overlap,10000,16,ok 16,True,,3.848965515,29.00489475,0.0002507569505,12.15915585,0.501635661,3.67309999e-05,0.0001573268025,0.0,4e-08,24.0,24.0,0.0,0.0,,
oatpp,competitor,mixed-overlap,10000,16,ok 16,True,,115188.6085,742823.0585,201.704332,363238.2165,35981.11175,29504.245600000002,1170.0062,81.66745415,0.0061295410000000005,9991384.0,7956104.0,113885.9735,230016.0395,742794.0536016499,
path-tree,competitor,mixed-overlap,10000,16,ok 16,True,,301.9070435,1472.730405,10.55905765,951.8070865,57.9229299,24.639848999999998,19.9589159,0.0,0.0050625105,9852492.0,8636488.0,270.5128605,891.69168,1443.7255103500001,
pistache,competitor,mixed-overlap,10000,16,ok 16,True,,1353.75232,12541.89,11.6928711,4268.184450000001,28.813624400000002,14.0743395,7.725686305,8.106933595000001,0.014633324,11704652.0,6523768.0,1302.47018,2224.210935,12512.88510335,
r3,competitor,mixed-overlap,10000,16,disagrees 16,False,"incomparable: 2,835 to 2,990 of 4,096 answers differ",,,,,,,,,,,,,,,
radix,reference,mixed-overlap,10000,16,ok 16,True,,264.5740235,1283.26577,12.59160155,834.440723,25.663959,3.4490966800000002,3.9402593,0.0,0.003179863,5225016.0,717000.0,250.4739525,531.0061265,1254.2608735,
regexmatcher-v1,reference,mixed-overlap,10000,3,ok 3,True,,54500.6833,486497.955,1529.37573,171836.506,4467.48079,477.619385,472.884766,83.5830078,0.470918188,100156944,26246456,53050.1012,95731.6458,486468.9501054,
regexmatcher-v2,under test (H1 to H4),mixed-overlap,10000,16,ok 16,True,,90.71709335,618.925537,2.868138995,286.162368,7.720565125,2.3116675200000003,3.4451393450000003,0.0,0.008499992,6568548.0,1630088.0,90.17091875,420.797599,589.9206425499999,
regexmatcher-v2-ct,under test (H7),mixed-overlap,10000,16,refused 16,False,refused: regexmatcher-v2-ct: no compile-time table in bench/gen holds these routes (generated for m <= 1000 and the table seeds of rbench's kTableSeeds),,,,,,,,,,,,,,,
regexmatcher-v2-r1,ablation (exploratory),mixed-overlap,10000,16,ok 16,True,,91.05838315,618.925537,2.8663242899999997,287.301174,7.725753795,2.325576365,3.4445366149999996,0.0,0.0159517245,39040052.0,1717952.0,90.17104035,420.79912049999996,589.9206425499999,
std-regex,reference,mixed-overlap,10000,3,ok 3,True,,688625.451,6436068.97,6298.46221,2171308.08,49923.9293,25708.4897,2631.63566,19858.7093,0.038433355,47015168,21852544,672196.392,1396010.8,6436039.9651013,
uwebsockets,competitor,mixed-overlap,10000,16,ok 16,True,,411.6157225,2060.28007,15.785807299999998,1298.65076,107.01447350000001,23.217419399999997,80.4323446,0.0,0.0085492065,4891948.0,2470896.0,370.702107,1046.98233,2031.2751754,
actix-router,competitor,mixed-overlap,100000,16,ok 16,True,,29600242.5,22920281.200000003,15280.21875,93310279.0,890778.396,945010.167,266124.53099999996,36099.34375,3.971946305,32440474492.0,1626158192.0,30910866.65,67571794.5,22920252.195101902,
boost-url,competitor,mixed-overlap,100000,16,disagrees 16,False,"incomparable: 462 to 549 of 4,096 answers differ",,,,,,,,,,,,,,,
chi,competitor,mixed-overlap,100000,16,ok 16,True,,633.016052,2404.43152,10.8205566,1982.8736,82.32009074999999,52.0768979,1.915080355,0.0,0.19858368850000002,4193576.0,64641244.0,646.2257625,2088.965595,2358.28917605,45.694366450000004
cpp-httplib,competitor,mixed-overlap,100000,16,ok 16,True,,1158900.245,8228361.75,9927.55222,3648985.0,267569.65249999997,19831.12195,9174.3459,389.7347415,0.034023488000000005,45373768.0,32121716.0,1159586.95,2144470.635,8228332.7451037,
crow,competitor,mixed-overlap,100000,16,ok 16,True,,1755.6239,13592.285650000002,37.497558600000005,5540.002195,163.12602900000002,36.101569,12.869384799999999,16.6169434,0.07209898549999999,62354828.0,17764948.0,1688.20082,2645.0212899999997,13563.28075345,
drogon,competitor,mixed-overlap,100000,16,ok 16,True,,7933359.025,38902724.75,37276.55575,25014250.2,403396.85199999996,151839.9735,11157.41665,112426.58350000001,5.09433457,700409564.0,263626080.0,6277294.48,22741443.0,38902695.74510375,
gin,competitor,mixed-overlap,100000,16,disagrees 16,False,"incomparable: 462 to 549 of 4,096 answers differ",,,,,,,,,,,,,,,
glaze,competitor,mixed-overlap,100000,16,ok 16,True,,613.569214,3174.50183,10.970153799999999,1936.21997,30.13813475,23.9588478,9.84797363,5.340820315,0.1266787655,159695212.0,134672236.0,641.2169225,2154.08296,3145.4969315999997,
hash,reference,mixed-overlap,100000,16,refused 16,False,refused: hash: an exact-match table holds literal routes only,,,,,,,,,,,,,,,
httprouter,competitor,mixed-overlap,100000,16,refused 16,False,refused: httprouter: wildcard route ':p0' conflicts with existing children in path '/pafamu/nemizo/:p0',,,,,,,,,,,,,,,
matchit,competitor,mixed-overlap,100000,16,ok 16,True,,353.75030549999997,1169.509885,9.894500735,1115.38446,52.389296200000004,39.756381649999994,15.5460533,0.935180664,0.090449298,110856248.0,85897616.0,330.626791,1427.706995,1140.5049866,
nethttp,competitor,mixed-overlap,100000,16,ok 16,True,,445.4580485,3497.9809999999998,11.144083649999999,1394.1430249999999,25.6942862,13.959748600000001,0.7750210235,1.24353027,5.4627572749999995,5588016.0,50055456.0,581.1006175,1863.53721,3419.83864775,45.770629850000006
null,null,mixed-overlap,100000,16,ok 16,True,,4.48848814,29.004896449999997,0.000251201555,14.1788953,0.5016850425,4.8241219849999995e-05,0.000154669879,0.0,4e-08,24.0,24.0,0.0,0.0,,
null-no405,null,mixed-overlap,100000,16,ok 16,True,,5.115875255000001,29.00489825,0.000251821612,16.164691750000003,0.5017522295000001,5.3106455600000004e-05,0.000134066269,0.0,4e-08,24.0,24.0,0.0,0.0,,
oatpp,competitor,mixed-overlap,100000,16,ok 16,True,,3842174.1500000004,7549224.73,1802.532095,12108673.850000001,367957.0845,305332.354,9450.421735,795.8307695,0.0632596185,97282932.0,78250384.0,3758908.86,8291145.29,7549195.72510145,
path-tree,competitor,mixed-overlap,100000,16,ok 16,True,,490.92980950000003,1656.7707500000001,12.50887045,1549.2191950000001,85.6787776,60.69700985,33.170333150000005,0.0,0.0648727685,96169760.0,83737232.0,450.8557315,1522.8838300000002,1627.76585165,
pistache,competitor,mixed-overlap,100000,16,ok 16,True,,1400.35364,12543.57055,11.71447755,4419.994995,29.71430125,18.38526745,8.26593696,8.11181641,0.14946652500000002,116754604.0,64936336.0,1357.572165,2599.925625,12514.5656516,
r3,competitor,mixed-overlap,100000,16,disagrees 16,False,"incomparable: 2,874 to 3,005 of 4,096 answers differ",,,,,,,,,,,,,,,
radix,reference,mixed-overlap,100000,16,ok 16,True,,402.1045735,1477.6945,17.90653485,1269.354205,45.086756550000004,24.56433105,3.9586969200000004,0.0,0.0498613605,48703264.0,8920680.0,370.7021065,1212.3002700000002,1448.68960365,
regexmatcher-v2,under test (H1 to H4),mixed-overlap,100000,16,ok 16,True,,103.77863199999999,620.333535,2.9717552549999997,327.4934435,8.19180037,4.44997451,1.322197965,0.0,0.1049464985,71058548.0,14288480.0,100.189888,671.2712994999999,591.3286404,
regexmatcher-v2-ct,under test (H7),mixed-overlap,100000,16,refused 16,False,refused: regexmatcher-v2-ct: no compile-time table in bench/gen holds these routes (generated for m <= 1000 and the table seeds of rbench's kTableSeeds),,,,,,,,,,,,,,,
regexmatcher-v2-r1,ablation (exploratory),mixed-overlap,100000,16,ok 16,True,,105.03444300000001,620.3335355,2.975097655,331.2509955,8.140842984999999,4.419111755,1.5745643999999999,0.0,0.1753950125,343608132.0,20154360.0,100.18996849999999,661.2563279999999,591.3286409,
uwebsockets,competitor,mixed-overlap,100000,16,ok 16,True,,2888.36499,11684.99195,94.46740725000001,9114.15173,900.5648925,704.666333,601.9685305,0.0,0.312929174,45918272.0,23186056.0,2579.88954,7414.060460000001,11655.9870533,
actix-router,competitor,param-first,10,16,ok 16,True,,653.780579,6174.757449999999,6.073608395,2064.062195,42.33913285,0.1442674425,31.93838665,5.53137207,0.0003974525,4092000.0,178408.0,611.158223,1277.42165,6145.752553299999,
boost-url,competitor,param-first,10,16,ok 16,True,,246.4749515,2656.74165,2.40620117,777.751038,1.0823892750000002,0.01087831985,0.0199073283,0.0,8.7365e-06,12752.0,7276.0,240.456257,300.580059,2627.7367534,
chi,competitor,param-first,10,16,ok 16,True,,134.7794235,1506.8843350000002,1.5535752999999999,423.4224585,1.409916475,0.0171327696,0.011408594625,0.0,1.4913000000000001e-05,344.0,6432.0,210.39889399999998,240.4559955,1460.7419908000002,45.77883145
cpp-httplib,competitor,param-first,10,16,ok 16,True,,419.256185,3922.70341,3.333211265,1320.140465,1.16485806,0.015077788250000002,0.02025946255,5.53137207,2.871e-06,5960.0,4432.0,420.7968225,751.423393,3893.6985133999997,
crow,competitor,param-first,10,16,ok 16,True,,556.1361895,5372.385625,4.80259196,1755.102395,1.34420209,0.0122593471,0.0218915977,11.81079105,8.546e-06,12832.0,2312.0,510.9637665,631.1847885,5343.380728550001,
drogon,competitor,param-first,10,16,ok 16,True,,3672.9676499999996,35471.606199999995,20.774902349999998,11601.579099999999,21.2083435,0.45266723600000003,0.164978027,44.37719725,5.3946499999999996e-05,64696.0,23704.0,3301.254145,9067.189475,35442.60130355,
gin,competitor,param-first,10,16,ok 16,True,,56.4742627,575.559386,2.02113078,177.6349465,0.9989325710000001,0.007195140270000001,0.0111846027,0.0,1.0469000000000001e-05,356.0,3028.0,130.246781,160.3030845,529.41704285,45.89418795
glaze,competitor,param-first,10,16,ok 16,True,,359.8795165,3133.4552,3.1305236799999996,1135.660455,1.568418765,0.0246965681,0.02567743895,5.901977540000001,1.0304e-05,18376.0,16184.0,340.6471675,410.77887350000003,3104.4503032499997,
hash,reference,param-first,10,16,refused 16,False,refused: hash: an exact-match table holds literal routes only,,,,,,,,,,,,,,,
httprouter,competitor,param-first,10,16,ok 16,True,,87.91031085,933.5585045,2.198887635,271.5069525,2.247158735,0.1385947335,0.052915065600000005,1.0,1.0064e-05,324.0,2348.0,140.265923,200.379983,887.4161605500001,46.27217865
matchit,competitor,param-first,10,16,ok 16,True,,71.35307230000001,631.0960315,2.36037382,225.12180999999998,1.067029765,0.00692078623,0.01917548535,0.0,5.0645e-06,8992.0,6504.0,70.13296025,100.189943,602.0911332999999,
nethttp,competitor,param-first,10,16,ok 16,True,,254.011304,2861.946305,3.5096740750000004,794.7522705,5.21061583,0.2237066225,0.0332686212,1.0,3.6809e-05,456.0,8780.0,420.7976415,796.5097965,2783.8039529999996,46.04869845
null,null,param-first,10,16,ok 16,True,,3.8501098750000002,29.0048948,0.00025045971300000005,12.15634655,0.501549213,1.67562214e-05,0.000167739861,0.0,4e-08,24.0,24.0,0.0,0.0,,
null-no405,null,param-first,10,16,ok 16,True,,5.086170085,29.004898,0.000251922,16.06726835,0.501465629,1.19793416e-05,0.00014877365499999998,0.0,4e-08,24.0,24.0,0.0,0.0,,
oatpp,competitor,param-first,10,16,ok 16,True,,663.0329589999999,5832.426085,3.679016115,2093.312985,1.6230276,0.0168200041,0.02275647615,13.06274415,6.9835e-06,9368.0,7560.0,651.2348935,1157.189465,5803.4211887500005,
path-tree,competitor,param-first,10,16,ok 16,True,,89.1217194,947.0223555,2.683443505,281.295837,1.05655953,0.00569041733,0.0180764437,0.0,3.8825000000000005e-06,8020.0,6616.0,90.17121445000001,130.2457335,918.01745895,
pistache,competitor,param-first,10,16,ok 16,True,,1029.825075,10676.85925,5.520141605,3252.299195,1.746103925,0.023000081399999997,0.04301961265,7.78710938,1.3285e-05,14596.0,9824.0,1021.9393500000001,1302.475715,10647.8543537,
r3,competitor,param-first,10,16,ok 16,True,,85.46288615,807.2963705,2.36215537,269.666455,1.06613508,0.005962374035000001,0.01747673415,2.0,6.983000000000001e-06,16804.0,14676.0,80.1519034,100.190413,778.29147405,
radix,reference,param-first,10,16,ok 16,True,,75.63482835,735.7070385,1.69175406,238.8415165,1.03287467,0.003962653765,0.016781776749999998,0.0,3.061e-06,7912.0,2152.0,70.13293569999999,100.189908,706.7021397999999,
regexmatcher-v1,reference,param-first,10,3,ok 3,True,,2755.98267,28061.4431,19.0930176,8704.64575,215.603906,0.427685547,1.84101563,33.9985352,9.2043e-05,113232,44088,2745.20361,4147.85313,28032.4382014,
regexmatcher-v2,under test (H1 to H4),param-first,10,16,ok 16,True,,46.80390985,497.06884249999996,1.35777798,147.78443349999998,1.0190488850000001,0.002964235785,0.016485524,0.0,5.174499999999999e-06,10744.0,2880.0,40.07599395,70.13293949999999,468.06393315,
regexmatcher-v2-ct,under test (H7),param-first,10,16,ok 16,True,,46.30088655,497.0688445,1.3700222750000002,146.17720350000002,0.9937432155,0.003325494715,0.016437297400000002,0.0,3.006e-06,2436.0,520.0,40.07596065,70.1328016,468.06393515,
regexmatcher-v2-r1,ablation (exploratory),param-first,10,16,ok 16,True,,45.86330515,497.0688485,1.35706748,144.71007500000002,1.0037198950000001,0.0026848543999999997,0.01641031835,0.0,6.648e-06,40984.0,3728.0,40.0760368,70.13288035,468.06393915,
std-regex,reference,param-first,10,3,ok 3,True,,3030.28442,30117.7102,19.9172363,9566.08325,10.7816406,0.327880859,0.0576171875,40.3439941,3.3293e-05,41632,19328,2634.99549,7724.63893,30088.7053014,
uwebsockets,competitor,param-first,10,16,ok 16,True,,65.01513825,664.911792,1.54338157,205.26227949999998,1.06046743,0.0049795620700000005,0.0180699655,0.0,5.385e-06,8616.0,6576.0,60.11392645,90.1706905,635.90689545,
actix-router,competitor,param-first,100,16,ok 16,True,,5935.171265,46511.937,23.8339844,18719.4951,1388.97945,18.032999699999998,458.0897215,50.7919922,0.004012992,40948404.0,1767320.0,5675.76679,13495.594700000001,46482.93210135,
boost-url,competitor,param-first,100,16,ok 16,True,,418.036255,4679.242475,5.267944335,1319.50456,3.58969432,0.0143654625,0.37728145199999996,0.0,8.3472e-05,93956.0,45836.0,410.77854249999996,500.949677,4650.23757645,
chi,competitor,param-first,100,16,ok 16,True,,180.487148,1809.2118799999998,2.879329135,566.777675,14.3454053,0.07882911575000001,0.019507913,0.0,0.0001001235,3384.0,57948.0,260.4938005,310.58863199999996,1763.069536,45.84436035
cpp-httplib,competitor,param-first,100,16,ok 16,True,,3605.6789550000003,34187.7146,23.27648925,11387.286,145.7949825,0.425933838,1.79147339,50.7919922,3.2446e-05,48136.0,34512.0,3591.801625,7113.4772250000005,34158.709703450004,
crow,competitor,param-first,100,16,ok 16,True,,801.4786375,7527.868165,10.4086304,2529.969725,6.77624512,0.03729248045,0.03813171385,15.38452145,6.58585e-05,90520.0,14968.0,761.4434865000001,971.844458,7498.8632685,
drogon,competitor,param-first,100,16,ok 16,True,,31100.10215,311874.176,147.79736350000002,98129.10584999999,884.8471274999999,3.80086263,24.1318766,383.832764,0.0005563320000000001,633768.0,228696.0,27617.338799999998,84309.7213,311845.17110329994,
gin,competitor,param-first,100,16,ok 16,True,,80.98085785,731.5127185,3.241658525,254.600365,5.017212505,0.023277525799999997,0.013293376150000001,0.0,6.1686e-05,3096.0,24556.0,160.303759,190.360925,685.3703753,45.7894516
glaze,competitor,param-first,100,16,ok 16,True,,394.0672605,3184.25817,5.532185875,1243.714805,11.7389428,0.08394105969999999,2.777426445,5.89208984,9.284e-05,149920.0,127164.0,390.7398635,460.874234,3155.2532714999998,
hash,reference,param-first,100,16,refused 16,False,refused: hash: an exact-match table holds literal routes only,,,,,,,,,,,,,,,
httprouter,competitor,param-first,100,16,ok 16,True,,110.78270549999999,1066.89471,3.349055365,336.852999,5.66084762,0.1423391805,0.0554284198,1.0,5.5865e-05,3064.0,18788.0,160.30448,280.532071,1020.7523661,46.6019516
matchit,competitor,param-first,100,16,ok 16,True,,106.5993115,744.291931,4.21540167,336.3370655,7.436449135,0.02150732835,2.520464375,0.0,6.92755e-05,74804.0,50708.0,110.2088765,140.26599,715.2870321500001,
nethttp,competitor,param-first,100,16,ok 16,True,,283.4873455,2901.92154,6.401794435,888.5912169999999,12.8033729,0.239342817,0.0576750103,1.0,0.00028663349999999996,4128.0,63872.0,450.8551175,871.650616,2823.7791869,45.8033905
null,null,param-first,100,16,ok 16,True,,4.471938385,29.0048964,0.0002512955525,14.123369,0.5015421795,7.29355421e-05,0.0001569547905,0.0,4e-08,24.0,24.0,0.0,0.0,,
null-no405,null,param-first,100,16,ok 16,True,,5.09501866,29.004898349999998,0.000251974238,16.093813949999998,0.5014509684999999,2.5084475399999998e-05,0.0001322065225,0.0,4e-08,24.0,24.0,0.0,0.0,,
oatpp,competitor,param-first,100,16,ok 16,True,,5159.060794999999,46379.52975,15.174560549999999,16287.21265,506.1441245,0.7001546224999999,7.873657225,103.58398450000001,5.78435e-05,87456.0,71080.0,5139.747685,10414.759450000001,46350.52485345,
path-tree,competitor,param-first,100,16,ok 16,True,,127.39263600000001,1184.09961,4.70415594,402.000578,5.25794227,0.02988850705,0.662854617,0.0,4.74845e-05,64852.0,53776.0,130.24697650000002,170.322969,1155.09471115,
pistache,competitor,param-first,100,16,ok 16,True,,1084.30603,10747.78025,7.58190918,3424.79065,7.960245765,0.0663054495,1.6939327350000002,7.77246094,0.0001302295,103328.0,54128.0,1062.014285,1372.607015,10718.775353699999,
r3,competitor,param-first,100,16,ok 16,True,,141.80172349999998,1164.85145,3.594150735,447.17800550000004,13.27877425,0.0473419899,2.270017,2.0,7.0312e-05,159796.0,131196.0,130.2464885,175.3321895,1135.8465535999999,
radix,reference,param-first,100,16,ok 16,True,,108.29434900000001,870.771586,3.282928465,341.97965899999997,1.170188665,0.00810681068,0.01710328405,0.0,2.9766e-05,62684.0,14248.0,100.1900175,140.265854,841.7666896000001,
regexmatcher-v1,reference,param-first,100,3,ok 3,True,,67224.81,674969.156,1677.88048,212122.587,4509.12903,10.5402423,328.359656,82.8282638,0.000846611,938064,287024,66926.8372,114406.819,674940.1511011999,
regexmatcher-v2,under test (H1 to H4),param-first,100,16,ok 16,True,,53.3326745,503.9083455,2.081350475,168.308731,1.067780855,0.003923840919999999,0.0166021026,0.0,4.9547999999999994e-05,70044.0,14632.0,50.09498325,80.15206755,474.90344655,
regexmatcher-v2-ct,under test (H7),param-first,100,16,ok 16,True,,53.39216305,503.9083445,2.095451315,168.575528,0.9999147684999999,0.004639144184999999,0.0165499983,0.0,2.0403e-05,20936.0,4000.0,50.09496075,80.15194819999999,474.90344555,
regexmatcher-v2-r1,ablation (exploratory),param-first,100,16,ok 16,True,,53.7454732,503.908344,2.0926208500000003,169.688675,1.09925611,0.0041050591,0.01653590985,0.0,6.34345e-05,338316.0,20920.0,50.094966799999995,80.15194695,474.90344504999996,
std-regex,reference,param-first,100,3,ok 3,True,,28407.6965,285108.229,150.638672,89664.0022,805.500732,2.63248698,9.63818359,370.156494,0.000337635,412072,190144,22893.3562,73779.8706,285079.2241016,
uwebsockets,competitor,param-first,100,16,ok 16,True,,97.13176615,869.6784855,2.900249775,306.361497,3.42376073,0.01371215885,0.713843166,0.0,5.4738000000000003e-05,43964.0,24296.0,90.17099985,150.28500400000001,840.6735890499999,
actix-router,competitor,param-first,1000,16,ok 16,True,,122499.89300000001,451380.9415,136.816547,386156.7705,13950.07405,12256.39355,4336.187395,502.087037,0.041175929,409689368.0,17755504.0,116220.213,272050.3785,451351.93660340004,
boost-url,competitor,param-first,1000,16,ok 16,True,,686.5805055,7071.280515,16.172790499999998,2168.00403,54.668002650000005,0.300869412,1.823154025,0.0,0.0011069044999999999,799404.0,371948.0,671.27392,896.7001435,7042.2756166,
chi,competitor,param-first,1000,16,ok 16,True,,247.09829100000002,1993.231125,4.72355957,776.906783,32.9505012,3.57857168,0.44354664499999996,0.0,0.001004432,34324.0,567040.0,310.58903250000003,531.0091445,1947.0887808500001,45.89344025
cpp-httplib,competitor,param-first,1000,16,ok 16,True,,35955.038100000005,337321.36549999996,241.0749515,113372.2575,3063.484175,111.603719,599.6420085,503.385498,0.000317913,446772.0,324020.0,35707.59745,71319.87795,337292.36060545,
crow,competitor,param-first,1000,16,ok 16,True,,1010.610595,8982.403075,19.069946299999998,3187.641845,37.75701435,0.6154972955,2.04455175,17.309082,0.0005853615,681312.0,135176.0,981.8467095,1242.356025,8953.39818055,
drogon,competitor,param-first,1000,16,ok 16,True,,311306.0145,3067546.6849999996,1397.80117,981726.285,9391.021164999998,3917.77639,289.1603235,3763.456365,0.0059914735,6230936.0,2231612.0,271074.72250000003,841374.106,3067517.68010555,
gin,competitor,param-first,1000,16,ok 16,True,,107.972102,839.2215369999999,4.59232492,339.476276,14.545183399999999,0.22100830049999998,0.0159977494,0.0,0.00062772,31116.0,235580.0,180.3422545,270.5129,793.0791937500001,45.7665024
glaze,competitor,param-first,1000,16,ok 16,True,,441.712036,3253.970665,6.69034831,1390.93103,18.0067008,5.15621512,5.95720564,5.89660645,0.0009052579999999999,1360592.0,1132936.0,430.816462,611.1581504999999,3224.96576845,
hash,reference,param-first,1000,16,refused 16,False,refused: hash: an exact-match table holds literal routes only,,,,,,,,,,,,,,,
httprouter,competitor,param-first,1000,16,ok 16,True,,136.3955235,1153.614995,4.7064536,413.89349400000003,14.7081692,0.312350803,0.354379532,1.0,0.00055072,31084.0,180348.0,190.361184,455.864863,1107.472651,46.0467529
matchit,competitor,param-first,1000,16,ok 16,True,,141.6833255,818.3146295,5.54032389,446.8617485,19.0161587,2.321854595,4.599892555,0.0,0.0007206755,749564.0,494580.0,140.266044,265.50370150000003,789.3097349,
nethttp,competitor,param-first,1000,16,ok 16,True,,308.7388185,2975.799085,6.36816406,967.8641355,18.722245049999998,3.3353143,0.08604463705,1.0,0.0024650215,40596.0,586852.0,485.92021050000005,1177.23166,2897.6567339000003,45.847213749999995
null,null,param-first,1000,16,ok 16,True,,3.85450352,29.00489465,0.0002500865555,12.17502745,0.5014314854999999,7.869712515e-06,0.00015715916700000001,0.0,4e-08,24.0,24.0,0.0,0.0,,
null-no405,null,param-first,1000,16,ok 16,True,,4.4910342750000005,29.00489645,0.00025119232100000004,14.18499515,0.5015449970000001,9.49235792e-06,0.0001422846105,0.0,4e-08,24.0,24.0,0.0,0.0,,
oatpp,competitor,param-first,1000,16,ok 16,True,,54229.44235,451877.62,89.8909912,171002.6805,5693.495525,2041.881185,629.1791995,1008.7709950000001,0.0005744855,851056.0,697416.0,53786.806599999996,110985.3685,451848.61510545,
path-tree,competitor,param-first,1000,16,ok 16,True,,176.5737,1338.91188,6.6593933100000005,556.8150545000001,26.4133178,1.00271125,8.793137904999998,0.0,0.0005002085,631564.0,518364.0,180.34188799999998,270.5103955,1309.90698345,
pistache,competitor,param-first,1000,16,ok 16,True,,1121.9232149999998,10909.8407,8.830322265,3542.03674,14.39109105,1.8725142049999999,5.067704635,7.778930665,0.001315524,911220.0,416616.0,1107.09878,1447.7443899999998,10880.83580335,
r3,competitor,param-first,1000,16,ok 16,True,,198.288923,1249.7663750000002,4.8992396750000005,625.392709,38.05265125,7.6094564049999995,18.504882799999997,2.0,0.000751944,1617092.0,1271312.0,190.3608145,335.636746,1220.7614784500001,
radix,reference,param-first,1000,16,ok 16,True,,149.4488795,999.700426,6.027496335,471.79866549999997,11.1242024,0.02012978415,0.01912396745,0.0,0.0003478585,504896.0,111192.0,150.28481,200.3798625,970.69552935,
regexmatcher-v1,reference,param-first,1000,3,ok 3,True,,4709498.02,52132050.7,24732.25,14341995.7,3171667.42,7402.23718,2719.60256,135.807692,0.010428211,8652952,2256728,4186775.92,8006065.27,52132021.6951012,
regexmatcher-v2,under test (H1 to H4),param-first,1000,16,ok 16,True,,51.03767895,513.3582915,1.659086565,160.9104775,3.4158109750000003,0.01644693895,0.0181460548,0.0,0.0006058145,724016.0,150456.0,50.09502445,90.1710721,484.35339475,
regexmatcher-v2-ct,under test (H7),param-first,1000,16,ok 16,True,,50.72951075,513.3582905000001,1.66818679,160.1771475,1.03781956,0.010267396955,0.01805370135,0.0,0.0001952675,190856.0,30880.0,50.0949331,90.17087950000001,484.35339375,
regexmatcher-v2-r1,ablation (exploratory),param-first,1000,16,ok 16,True,,51.24402465,513.358293,1.6529894299999999,161.66380750000002,3.428637895,0.0182726333,0.018124305200000003,0.0,0.0016135189999999999,3000080.0,212696.0,50.0950117,90.17102105000001,484.35339625,
std-regex,reference,param-first,1000,3,ok 3,True,,280448.242,2705500.24,1362.06466,884358.993,9402.14592,3925.40612,273.658043,3669.52193,0.003452186,4112176,1889200,221811.413,740582.393,2705471.2351015,
uwebsockets,competitor,param-first,1000,16,ok 16,True,,163.252172,1178.7015999999999,5.83065796,515.184726,28.6484542,0.2805346895,18.80819865,0.0,0.000630971,364736.0,173800.0,160.30375750000002,310.5884485,1149.6967035500002,
actix-router,competitor,param-first,10000,16,ok 16,True,,2704498.9299999997,4332171.71,1158.76377,8524608.27,134329.96649999998,137226.6725,38046.751449999996,4915.494565,0.445553052,4097974080.0,178608592.0,2237240.255,7797795.595,4332142.7051032,
boost-url,competitor,param-first,10000,16,ok 16,True,,3225.887695,29252.163800000002,54.728271500000005,10163.0635,809.529938,341.0346985,244.89007550000002,0.0,0.013760874,6626656.0,3084900.0,3145.967235,4323.192405,29223.1589035,
chi,competitor,param-first,10000,16,ok 16,True,,378.76786300000003,2184.761015,7.187001544999999,1191.511965,53.079174949999995,26.74180525,0.004076408615000001,0.0,0.012011184500000001,340784.0,5517652.0,440.8356255,1512.86643,2138.6186706999997,45.83694455
cpp-httplib,competitor,param-first,10000,16,ok 16,True,,356361.476,3332333.095,1854.58758,1123491.655,28628.79415,4631.58545,2134.427735,4956.13943,0.0029670004999999998,4961268.0,3456940.0,359061.9135,711658.0,3332304.0901016,
crow,competitor,param-first,10000,16,ok 16,True,,1161.1821300000001,10224.48485,18.97607425,3663.857175,66.6320579,9.731811525,4.698908025,19.42089845,0.005270499,6066268.0,1453140.0,1132.13885,1457.76282,10195.4799532,
drogon,competitor,param-first,10000,16,ok 16,True,,3061040.24,30257581.049999997,13098.16875,9652162.835,110282.399,34189.1214,2566.33642,36085.981,0.1358063585,64859800.0,23590968.0,2643747.245,8522929.52,30257552.045105398,
gin,competitor,param-first,10000,16,ok 16,True,,187.7964045,951.2301944999999,6.19719587,589.4725695,22.78218955,10.9713368,0.02090361625,0.0,0.0061431655,309096.0,2247176.0,260.494147,951.8044104999999,905.0878514999999,45.828109749999996
glaze,competitor,param-first,10000,16,ok 16,True,,488.619344,3251.2740700000004,6.60603841,1539.15332,18.784414050000002,12.20361325,6.78813702,5.89550781,0.008708579000000001,13831368.0,11372256.0,480.9120625,1347.5572149999998,3222.2691752500004,
hash,reference,param-first,10000,16,refused 16,False,refused: hash: an exact-match table holds literal routes only,,,,,,,,,,,,,,,
httprouter,competitor,param-first,10000,16,ok 16,True,,198.7618615,1223.060015,6.33089193,618.5209935,24.12592185,9.574491585,0.09581467205000001,1.0,0.005402009,309064.0,1724160.0,260.493473,1021.9419399999999,1176.91767105,46.284690850000004
matchit,competitor,param-first,10000,16,ok 16,True,,207.382996,891.7891845,6.957661945,654.272019,30.4192329,16.09984525,10.8981685,0.0,0.007470104,7045216.0,4547912.0,200.38027449999998,766.4531035,862.7842859,
nethttp,competitor,param-first,10000,16,ok 16,True,,347.1965735,2973.24234,6.36791992,1086.93835,17.844641799999998,10.1256171,6.682432820000001,1.0,0.030894262,405456.0,5103236.0,510.9681845,1452.75081,2895.09998875,45.8384781
null,null,param-first,10000,16,ok 16,True,,5.093617085,29.004898249999997,0.00025166737,16.08981025,0.5015797614999999,1.1219437899999999e-05,0.00014656701200000001,0.0,4e-08,24.0,24.0,0.0,0.0,,
null-no405,null,param-first,10000,16,ok 16,True,,4.48878428,29.00489665,0.000251345621,14.1777577,0.50160987,1.4628362850000002e-05,0.00014269852599999998,0.0,4e-08,24.0,24.0,0.0,0.0,,
oatpp,competitor,param-first,10000,16,ok 16,True,,525132.352,4471832.245,762.6003519999999,1652441.38,58136.904200000004,18126.624649999998,1375.8226049999998,9971.641145,0.005486371,8996472.0,7218232.0,527640.473,1108692.745,4471803.240103301,
path-tree,competitor,param-first,10000,16,ok 16,True,,276.02639150000005,1526.43218,8.89770508,871.1716065,48.72683645,19.7573893,21.154616949999998,0.0,0.005290255000000001,6528780.0,5130380.0,280.531703,861.632429,1497.42728325,
pistache,competitor,param-first,10000,16,ok 16,True,,1152.8685300000002,10896.8585,8.856689455,3638.1195049999997,15.0883345,8.123945755,6.318903145,7.77355957,0.012373124999999999,9063044.0,4072960.0,1132.144725,1738.29465,10867.85360525,
r3,competitor,param-first,10000,16,ok 16,True,,309.9121825,1325.0704,6.69333496,977.7948425,61.82478295,25.56129455,36.45622865,2.0,0.00838616,16365588.0,12111052.0,310.5883605,1046.9859099999999,1296.0655033,
radix,reference,param-first,10000,16,ok 16,True,,234.3097415,1154.7799049999999,11.0025309,739.4309165,24.214705549999998,3.95936631,3.9478430700000002,0.0,0.0048608495,4126688.0,951288.0,240.4560405,445.845858,1125.7750084,
regexmatcher-v1,reference,param-first,10000,3,ok 3,True,,471078861,4717855490.0,234871.188,1474226880.0,663804939,60476017.3,13602613.6,195.1875,0.404220405,87197408,19609160,485940966,845950243,4717855460.995102,
regexmatcher-v2,under test (H1 to H4),param-first,10000,16,ok 16,True,,66.04232245,512.4915129999999,1.649986185,208.2673565,4.071954415,1.5851668700000001,2.270839385,0.0,0.009141604000000001,7147232.0,1831032.0,70.13296525,390.740462,483.4866164,
regexmatcher-v2-ct,under test (H7),param-first,10000,16,refused 16,False,refused: regexmatcher-v2-ct: no compile-time table in bench/gen holds these routes (generated for m <= 1000 and the table seeds of rbench's kTableSeeds),,,,,,,,,,,,,,,
regexmatcher-v2-r1,ablation (exploratory),param-first,10000,16,ok 16,True,,65.71657995000001,512.4915129999999,1.656347075,207.31041950000002,4.075036245,1.5622802199999999,2.279528945,0.0,0.016572234999999998,39736792.0,2056952.0,70.1329752,390.7410685,483.4866164,
std-regex,reference,param-first,10000,3,ok 3,True,,2923969.86,28192539.7,13261.7326,9211920.1,91578.3216,38411.5882,638.85098,36174.4471,0.034322595,41621728,19135792,2299185.45,7570020.22,28192510.6951016,
uwebsockets,competitor,param-first,10000,16,ok 16,True,,712.6289059999999,3799.2501199999997,28.991271949999998,2247.9932900000003,252.9309155,95.65375435,138.338752,0.0,0.013611024999999999,4018784.0,1921088.0,701.3297295,1462.773065,3770.2452236999998,
actix-router,competitor,param-first,100000,16,ok 16,True,,58529001.95,45956101.8,10852.5,184494468.0,1450721.46,1503777.715,389875.8855,49918.3125,4.61916456,40968982152.0,1780086112.0,62113702.95,122237775.5,45956072.7951033,
boost-url,competitor,param-first,100000,16,ok 16,True,,30072.721700000002,251097.11200000002,383.2755125,94794.3462,8433.629515,6111.6061150000005,296.532715,0.0,0.6424710855,55281596.0,25992268.0,29726.3469,46793.4503,251068.10710545,
chi,competitor,param-first,100000,16,ok 16,True,,492.9668375,2351.21222,9.345865885,1549.7696150000002,70.45637695,44.1901108,1.2554524749999998,0.0,0.1947821555,3409524.0,54172176.0,561.063489,1718.2555,2305.06987605,45.8209305
cpp-httplib,competitor,param-first,100000,16,ok 16,True,,3575466.21,32360745.15,18017.66665,11272524.8,256757.1765,11940.70705,6730.797979999999,48515.43725,0.033638,46221204.0,32831780.0,3397715.615,8030457.984999999,32360716.145103753,
crow,competitor,param-first,100000,16,ok 16,True,,1408.83826,11576.451649999999,25.79345705,4445.913210000001,100.976535,19.24316405,6.461140955,21.144043,0.070473523,48184128.0,12464636.0,1372.60124,1933.66388,11547.4467534,
drogon,competitor,param-first,100000,16,ok 16,True,,36683266.0,302827651.0,138840.15649999998,115685166.0,1140003.56,336545.771,512.9583335,387260.46849999996,10.41739585,634947664.0,229075028.0,36429813.05,87303704.6,302827621.9951033,
gin,competitor,param-first,100000,16,ok 16,True,,254.5337685,1054.22041,7.40810547,800.3140625,30.314469350000003,19.24682865,1.7273625,0.0,0.1065816055,3088896.0,21744636.0,330.62693,1422.6976,1008.078067,45.7718964
glaze,competitor,param-first,100000,16,ok 16,True,,539.0635580000001,3252.3737149999997,6.74532064,1700.0876050000002,19.29762865,14.8226584,7.2981647,5.89599609,0.1376262875,137562208.0,113284200.0,541.024994,1708.23543,3223.3688203,
hash,reference,param-first,100000,16,refused 16,False,refused: hash: an exact-match table holds literal routes only,,,,,,,,,,,,,,,
httprouter,competitor,param-first,100000,16,ok 16,True,,265.568628,1315.626565,7.46960449,820.0110105,29.09548815,17.1832806,1.77994326,1.0,0.08944392400000001,3088864.0,16615024.0,320.60783949999995,1342.5450700000001,1269.4842205,45.801490799999996
matchit,competitor,param-first,100000,16,ok 16,True,,301.04091800000003,960.2627565,8.17475586,949.519855,40.0406881,29.052597400000003,17.0668856,0.0,0.10638360499999999,69332612.0,46003164.0,300.56968700000004,1242.34753,931.25786165,
nethttp,competitor,param-first,100000,16,ok 16,True,,351.934143,2971.7560700000004,6.487253825,1104.79666,17.73780345,9.202127515,1.160944475,1.0,0.43666562600000003,4057728.0,45676788.0,510.968998,1327.514775,2893.6137188000002,45.9149399
null,null,param-first,100000,16,ok 16,True,,3.84630139,29.00489475,0.000250045302,12.1488366,0.501583125,1.575026365e-05,0.0001715139915,0.0,4e-08,24.0,24.0,0.0,0.0,,
null-no405,null,param-first,100000,16,ok 16,True,,3.8651757250000003,29.0048948,0.00025014426250000003,12.20796005,0.50144262,1.7524260700000003e-05,0.00015227133300000002,0.0,4e-08,24.0,24.0,0.0,0.0,,
oatpp,competitor,param-first,100000,16,ok 16,True,,5486152.745,43754933.4,7418.695455,17292234.0,580960.3245000001,20453.435599999997,8351.46081,97150.00104999999,0.055029704,87313512.0,70845728.0,5453450.8100000005,11139978.4,43754904.395103395,
path-tree,competitor,param-first,100000,16,ok 16,True,,447.88029,1665.78646,10.532470700000001,1412.6413550000002,73.1114415,51.56877905,33.1167341,0.0,0.087549672,63245080.0,51188148.0,450.854698,1537.9160200000001,1636.78156535,
pistache,competitor,param-first,100000,16,ok 16,True,,1196.578735,10888.48085,8.85083008,3774.8125,15.288274600000001,10.534668,6.93601296,7.77429199,0.1429823635,90327096.0,40527616.0,1182.238625,1978.75117,10859.47595365,
r3,competitor,param-first,100000,16,ok 16,True,,469.0572105,1151.437015,7.98897298,1479.6894499999999,87.24345635,52.4469933,59.6439254,2.0,0.1286685855,163248484.0,116490304.0,470.8933705,1613.05689,1122.4321166,
radix,reference,param-first,100000,16,ok 16,True,,350.622528,1313.66455,14.81982425,1103.27005,50.74767715,30.232997349999998,9.608147325000001,0.0,0.0688075,34949392.0,8320056.0,355.67564400000003,1021.937725,1284.6596553,
regexmatcher-v2,under test (H1 to H4),param-first,100000,16,ok 16,True,,71.92120575,513.2234579999999,1.70890503,226.96276849999998,4.21138185,2.6510650350000002,1.3637360950000001,0.0,0.1510757415,62330192.0,15401288.0,80.15192495,430.81668349999995,484.21856335,
regexmatcher-v2-ct,under test (H7),param-first,100000,16,refused 16,False,refused: regexmatcher-v2-ct: no compile-time table in bench/gen holds these routes (generated for m <= 1000 and the table seeds of rbench's kTableSeeds),,,,,,,,,,,,,,,
regexmatcher-v2-r1,ablation (exploratory),param-first,100000,16,ok 16,True,,72.1384788,513.2234675,1.711364745,227.60464000000002,4.1764738349999995,2.63452107,1.214342985,0.0,0.203150577,336364776.0,16896688.0,80.1519509,430.81651650000003,484.21857285000004,
uwebsockets,competitor,param-first,100000,16,ok 16,True,,6731.692994999999,30066.99625,248.522827,21230.692499999997,2306.2788499999997,1902.9784300000001,948.2944745,0.0,1.00720823,36736728.0,17502904.0,6627.55745,14372.22065,30037.99135545,
actix-router,competitor,param-last,10,16,ok 16,True,,527.0635374999999,5072.292115,4.04095459,1663.59436,37.70702065,0.0654084579,26.95852705,5.53137207,0.0004009085,4089012.0,178144.0,531.0045025,876.659361,5043.287216350001,
boost-url,competitor,param-last,10,16,ok 16,True,,263.319214,2665.9554200000002,3.60529785,831.687549,1.107884185,0.0114866216,0.0202947085,0.0,8.7515e-06,12600.0,7308.0,255.484445,310.58896649999997,2636.9505252500003,
chi,competitor,param-last,10,16,ok 16,True,,128.2156205,1361.542285,1.5533502750000001,402.17386450000004,1.378143725,0.01937927025,0.01891956295,0.0,1.5584e-05,344.0,7776.0,190.361491,230.4364385,1315.3999411,45.9854889
cpp-httplib,competitor,param-last,10,16,ok 16,True,,176.36040400000002,1707.42931,1.8126068100000001,556.5765555,1.087130055,0.008422800995,0.017228160200000002,1.0,2.7855e-06,5276.0,4196.0,170.3229645,260.493697,1678.42441345,
crow,competitor,param-last,10,16,ok 16,True,,471.2746175,4505.119875,4.860148115,1487.844135,1.199762325,0.0134993768,0.02254570855,9.810791015,8.842000000000001e-06,14456.0,3040.0,425.80696750000004,541.0249905000001,4476.1149783,
drogon,competitor,param-last,10,16,ok 16,True,,1464.03772,13796.51095,7.240722655,4623.0451649999995,15.5847575,0.0360921224,0.07831488715000001,28.5043945,5.3476e-05,64720.0,23716.0,1432.71648,2184.141525,13767.506053199999,
gin,competitor,param-last,10,16,ok 16,True,,51.14789305,510.4900275,1.986649125,161.0553315,1.008065805,0.00532665145,0.013651342850000001,0.0,1.07855e-05,356.0,3988.0,120.22807850000001,150.2848895,464.3476845,46.1148987
glaze,competitor,param-last,10,16,ok 16,True,,352.992981,3135.1224700000002,2.64037069,1114.844545,1.91034135,0.02688685825,0.02738457685,5.901977540000001,1.1176e-05,21152.0,18908.0,340.64586699999995,400.7604285,3106.1175733,
hash,reference,param-last,10,16,refused 16,False,refused: hash: an exact-match table holds literal routes only,,,,,,,,,,,,,,,
httprouter,competitor,param-last,10,16,ok 16,True,,80.87630295,862.4171940000001,2.2008449700000003,248.210355,2.316632035,0.13343143000000002,0.053026586599999995,1.0,1.073e-05,324.0,3052.0,130.2471145,220.4176085,816.2748504000001,46.459274300000004
matchit,competitor,param-last,10,16,ok 16,True,,71.0022827,588.083211,2.2867581550000002,224.043088,1.05604981,0.00524597806,0.0190093771,0.0,5.335000000000001e-06,13796.0,11112.0,70.13299645000001,100.1899635,559.07831225,
nethttp,competitor,param-last,10,16,ok 16,True,,258.8184815,2874.62178,3.638568115,808.9186405,5.23902863,0.234674363,0.0332150343,1.0,3.7711000000000005e-05,456.0,9500.0,420.797908,776.4711125,2796.47942835,45.80345155
null,null,param-last,10,16,ok 16,True,,3.8651532299999998,29.0048947,0.0002500795715,12.2063144,0.5015943860000001,2.98673752e-05,0.0001614697415,0.0,4e-08,24.0,24.0,0.0,0.0,,
null-no405,null,param-last,10,16,ok 16,True,,5.093868779999999,29.004898349999998,0.0002520589305,16.0904764,0.5016329425,1.316293125e-05,0.00013167861049999998,0.0,4e-08,24.0,24.0,0.0,0.0,,
oatpp,competitor,param-last,10,16,ok 16,True,,271.635669,2439.98584,2.25830078,857.457251,1.39362758,0.01880413555,0.0194345172,4.0,6.923e-06,9392.0,7568.0,260.4940525,330.627783,2410.98094525,
path-tree,competitor,param-last,10,16,ok 16,True,,80.06355149999999,812.719834,2.383587555,252.4095615,1.0301549099999998,0.00638789615,0.0178693167,0.0,3.652e-06,10636.0,9232.0,80.15203275,110.209045,783.7149393,
pistache,competitor,param-last,10,16,ok 16,True,,1037.2027600000001,10677.4846,5.6682128899999995,3274.614625,2.12855021,0.02235921225,0.04264322915,7.78710938,1.48025e-05,18140.0,13352.0,1021.938415,1317.498335,10648.47970345,
r3,competitor,param-last,10,16,ok 16,True,,74.63712165,721.6338639999999,2.3578546,235.5799125,1.11925151,0.006896322535,0.01772319345,2.0,1.3610999999999999e-05,25320.0,23768.0,70.13293605,100.18982249999999,692.6289672999999,
radix,reference,param-last,10,16,ok 16,True,,76.4992196,735.709243,1.689302335,241.458863,1.01773583,0.0055010547,0.016856384250000002,0.0,3.2659999999999997e-06,11672.0,2328.0,70.13292295,100.18988999999999,706.7043446999999,
regexmatcher-v1,reference,param-last,10,3,ok 3,True,,728.202393,5894.95752,18.6507568,2299.46167,29.0322696,0.0427246094,1.43052045,5,9.8926e-05,119968,51576,731.382496,1152.18425,5865.9526211,
regexmatcher-v2,under test (H1 to H4),param-last,10,16,ok 16,True,,48.0053962,499.1890915,1.53869286,151.5953,1.00826117,0.00212946229,0.0166568462,0.0,5.4959999999999996e-06,11012.0,3136.0,40.07606625,65.12343545,470.1841946,
regexmatcher-v2-ct,under test (H7),param-last,10,16,ok 16,True,,49.231411800000004,499.1890915,1.55502722,155.433462,0.9935516424999999,0.002523715335,0.016521827849999997,0.0,3.151e-06,2436.0,520.0,45.085147899999996,70.1326905,470.1841946,
regexmatcher-v2-r1,ablation (exploratory),param-last,10,16,ok 16,True,,48.09569725,499.1891,1.510171545,151.84618749999998,1.004322775,0.003172257785,0.0165960087,0.0,6.8230000000000006e-06,40988.0,3728.0,45.0855066,70.1329162,470.1842031,
std-regex,reference,param-last,10,3,ok 3,True,,1134.8811,11471.7776,6.10205078,3583.125,6.97252308,0.0325816761,0.0473410866,25.3352051,3.3473e-05,41632,19328,1142.16652,1823.45883,11442.772701099999,
uwebsockets,competitor,param-last,10,16,ok 16,True,,64.88135935,668.8220745,1.486663235,204.784758,1.058137025,0.006918202280000001,0.01882071145,0.0,5.801e-06,9624.0,7584.0,60.11394505,90.17081335,639.81717785,
actix-router,competitor,param-last,100,16,ok 16,True,,4395.059810000001,33573.93985,16.850952149999998,13868.503799999999,1230.41602,18.41178385,427.4161785,50.7919922,0.0039948835,40917524.0,1765016.0,4353.24944,8971.97487,33544.9349535,
boost-url,competitor,param-last,100,16,ok 16,True,,427.4588215,4686.488485,5.962402345,1349.232015,7.37632173,0.028522359900000002,0.38320901799999996,0.0,8.3757e-05,91848.0,46420.0,420.798057,510.968462,4657.4835904500005,
chi,competitor,param-last,100,16,ok 16,True,,173.726109,1663.62166,2.8883819600000002,546.553223,19.3191726,0.0389971666,0.021230563299999998,0.0,0.0001253505,3384.0,74412.0,240.455728,300.5692165,1617.4793158500001,45.94381715
cpp-httplib,competitor,param-last,100,16,ok 16,True,,1040.93286,10338.3036,6.939941405,3286.24707,72.22162879999999,0.04604085285,13.44270835,1.0,2.9486e-05,40584.0,31300.0,1031.95809,1973.7460350000001,10309.29870325,
crow,competitor,param-last,100,16,ok 16,True,,719.6744994999999,6662.53052,10.239440949999999,2271.52948,9.072009914999999,0.06954218044999999,0.0500488281,13.38452145,7.35585e-05,107920.0,23628.0,681.2908075,891.683252,6633.5256253,
drogon,competitor,param-last,100,16,ok 16,True,,7662.8907500000005,73917.95495,53.10754395,24198.97795,383.237834,1.80061849,25.4391276,209.54406749999998,0.0005567879999999999,633752.0,228704.0,7554.334430000001,14367.2215,73888.95005195,
gin,competitor,param-last,100,16,ok 16,True,,75.06339415,666.1170655,3.168590675,236.2808845,7.6698071599999995,0.0193534894,0.01073938805,0.0,7.14795e-05,3096.0,36316.0,150.284916,180.342085,619.97472225,45.75349425
glaze,competitor,param-last,100,16,ok 16,True,,387.165354,3183.781215,4.560953775,1221.283375,16.14768605,0.11384201050000001,3.361457825,5.89208984,0.00010127,180532.0,157772.0,380.721087,450.854279,3154.7763167,
hash,reference,param-last,100,16,refused 16,False,refused: hash: an exact-match table holds literal routes only,,,,,,,,,,,,,,,
httprouter,competitor,param-last,100,16,ok 16,True,,103.5191385,1001.18308,3.338866405,315.811724,8.6506091,0.14607017049999999,0.0965296856,1.0,6.152999999999999e-05,3064.0,27412.0,160.3037775,310.58859,955.0407360500001,46.6284256
matchit,competitor,param-last,100,16,ok 16,True,,101.9825175,699.86931,4.023827965,321.74951,10.2086456,0.0414616347,2.713459995,0.0,7.03175e-05,131356.0,107108.0,100.189929,140.26590099999999,670.8644134,
nethttp,competitor,param-last,100,16,ok 16,True,,283.106934,2912.27047,6.40081787,886.4621585,15.0442031,0.2449983295,0.0838949227,1.0,0.0003002135,4128.0,71792.0,450.852263,906.718067,2834.1281172500003,46.1282883
null,null,param-last,100,16,ok 16,True,,5.09405204,29.0048982,0.0002520302935,16.0895776,0.5015042315,2.33581784e-05,0.0001506030745,0.0,4e-08,24.0,24.0,0.0,0.0,,
null-no405,null,param-last,100,16,ok 16,True,,3.848366885,29.0048948,0.000250121631,12.15435325,0.5014201899999999,2.26621216e-05,0.000158014287,0.0,4e-08,24.0,24.0,0.0,0.0,,
oatpp,competitor,param-last,100,16,ok 16,True,,966.547241,8892.19971,9.854003890000001,3052.2954099999997,303.1778845,0.0528470553,1.38993014,4.0,5.81495e-05,87432.0,71096.0,961.8224675,1748.3196,8863.1948153,
path-tree,competitor,param-last,100,16,ok 16,True,,120.8482915,1050.3189550000002,4.38298007,381.09759,8.16974466,0.03264208025,1.747768365,0.0,4.48545e-05,97684.0,86512.0,120.227886,170.322785,1021.3140586000001,
pistache,competitor,param-last,100,16,ok 16,True,,1080.0220949999998,10748.772949999999,7.5021972649999995,3412.034305,13.16511025,0.08550008140000001,2.5800032149999996,7.77246094,0.000141471,142200.0,93008.0,1062.011775,1377.612525,10719.768053650001,
r3,competitor,param-last,100,16,ok 16,True,,135.31643300000002,1084.1734649999999,3.6727701799999997,426.93625699999996,19.073561650000002,0.0711507466,3.676782965,2.0,0.000146726,260548.0,238420.0,130.2468025,170.3231075,1055.16856665,
radix,reference,param-last,100,16,ok 16,True,,109.802077,870.4843699999999,3.35037701,346.39939000000004,1.22007249,0.0072983908,0.017045760899999998,0.0,3.16845e-05,93352.0,16216.0,110.2088205,140.26593400000002,841.4794753499999,
regexmatcher-v1,reference,param-last,100,3,ok 3,True,,811.585815,6380.15198,21.1135254,2561.04993,66.6316406,0.884933472,8.09501953,5,0.000934579,1019736,372712,801.520035,1222.3177,6351.147085199999,
regexmatcher-v2,under test (H1 to H4),param-last,100,16,ok 16,True,,55.28442385,505.8126495,2.2069391449999998,174.506105,1.1307336449999998,0.0030774845,0.01660926345,0.0,5.1487000000000004e-05,73212.0,17800.0,50.09494555,80.15194805,476.80775300000005,
regexmatcher-v2-ct,under test (H7),param-last,100,16,ok 16,True,,55.50326305,505.8126485,2.209998495,174.949861,1.02235825,0.005415780205,0.01663668385,0.0,2.0619e-05,20936.0,4000.0,50.0949434,80.15190945,476.807752,
regexmatcher-v2-r1,ablation (exploratory),param-last,100,16,ok 16,True,,55.466727899999995,505.8126475,2.2147278750000003,174.916125,1.2012433,0.00345652047,0.01674783405,0.0,6.56785e-05,338324.0,20920.0,50.095010349999995,80.1520619,476.807751,
std-regex,reference,param-last,100,3,ok 3,True,,7540.69824,80615.4998,51.690918,23810.574,315.87915,1.23168945,6.99365234,205.208252,0.000338707,412072,190144,6632.57626,12724.1267,80586.4949016,
uwebsockets,competitor,param-last,100,16,ok 16,True,,99.01682695,869.477924,2.875322615,312.56744849999995,5.848919605,0.0159534944,1.26651407,0.0,5.9442e-05,55092.0,35400.0,100.18991249999999,160.30380150000002,840.4730273499999,
actix-router,competitor,param-last,1000,16,ok 16,True,,87763.25115,319031.0015,127.1866355,276751.6285,12383.95405,10601.39975,4010.24146,503.345578,0.040989988500000005,409399252.0,17730456.0,84214.7984,183422.9905,319001.99660335004,
boost-url,competitor,param-last,1000,16,ok 16,True,,704.8726810000001,7083.932865,16.0772705,2222.1869500000003,58.182468,1.036994085,17.38633215,0.0,0.0011904245,770340.0,379928.0,701.3264495,951.8032145,7054.9279685,
chi,competitor,param-last,1000,16,ok 16,True,,254.024943,1847.874705,4.755053715,798.9144085,37.7226625,6.55741763,0.05648269135,0.0,0.0011137105000000001,34324.0,734772.0,315.599485,525.9966925,1801.7323610499998,45.892807
cpp-httplib,competitor,param-last,1000,16,ok 16,True,,10628.90625,96870.2853,108.3757325,33548.07715,2479.530885,63.24523925,470.26310249999995,1.0,0.0002861885,373084.0,292248.0,10850.557850000001,20654.1382,96841.28040355,
crow,competitor,param-last,1000,16,ok 16,True,,925.909607,8119.447145,17.6955566,2922.722595,40.74603945,2.271963935,3.096949985,15.3144531,0.000679603,857384.0,223128.0,901.709289,1177.2312550000001,8090.4422482499995,
drogon,competitor,param-last,1000,16,ok 16,True,,72096.0391,677365.835,634.1577749999999,227334.1105,5022.52762,914.0278395,292.53499850000003,2022.84027,0.006032031,6230832.0,2231644.0,71545.5614,140255.7935,677336.8301033999,
gin,competitor,param-last,1000,16,ok 16,True,,103.34931950000001,773.5854214999999,4.45969265,324.6853525,19.13305515,0.6760437015,0.0165690365,0.0,0.0007211215,31116.0,355784.0,180.34193449999998,310.588201,727.44307865,46.11342625
glaze,competitor,param-last,1000,16,ok 16,True,,437.0413,3254.27071,5.61214193,1375.2850349999999,22.766218950000003,8.836047695000001,6.26737608,5.89660645,0.0009970895,1669208.0,1441776.0,425.8074375,616.1683175000001,3225.2658152000004,
hash,reference,param-last,1000,16,refused 16,False,refused: hash: an exact-match table holds literal routes only,,,,,,,,,,,,,,,
httprouter,competitor,param-last,1000,16,ok 16,True,,134.505087,1116.0661300000002,4.638401099999999,407.90993449999996,18.8043537,0.916008691,1.64089398,1.0,0.0006198165,31084.0,268556.0,190.36094200000002,505.95931800000005,1069.9237861000001,46.286254850000006
matchit,competitor,param-last,1000,16,ok 16,True,,145.04542400000003,774.455241,5.50714925,457.57926399999997,22.7764615,5.108355035000001,5.282730455,0.0,0.0007341555,1325036.0,1070400.0,140.265875,270.51291549999996,745.4503444500001,
nethttp,competitor,param-last,1000,16,ok 16,True,,306.488159,2986.9199,6.2301940899999995,961.2863585,20.61449885,4.15807224,0.1131936097,1.0,0.002476037,40596.0,666772.0,470.893247,1162.20233,2908.77754835,45.881935150000004
null,null,param-last,1000,16,ok 16,True,,5.0953511,29.00489855,0.000252111317,16.0909645,0.5014743865,1.39220227e-05,0.00012666985649999998,0.0,4e-08,24.0,24.0,0.0,0.0,,
null-no405,null,param-last,1000,16,ok 16,True,,3.881014025,29.0048948,0.0002507850145,12.256986699999999,0.501499648,4.2037356000000005e-05,0.00015013889500000002,0.0,4e-08,24.0,24.0,0.0,0.0,,
oatpp,competitor,param-last,1000,16,ok 16,True,,9083.744385,73550.43395,71.51049805,28652.048000000003,3464.08956,415.412964,427.341309,4.0,0.000573999,851064.0,697432.0,9167.39702,19396.783300000003,73521.42905154999,
path-tree,competitor,param-last,1000,16,ok 16,True,,176.123352,1206.5784899999999,6.705967495,555.4149494999999,31.197028449999998,3.07841389,10.5797396,0.0,0.0004692575,966156.0,853320.0,170.3230505,280.5320155,1177.5735935,
pistache,competitor,param-last,1000,16,ok 16,True,,1130.1372099999999,10909.5293,8.496215825,3557.135745,21.5789684,5.240278764999999,5.75132058,7.778930665,0.001438079,1303884.0,808336.0,1112.108285,1472.79019,10880.52440345,
r3,competitor,param-last,1000,16,ok 16,True,,198.327968,1166.3469949999999,4.9146728500000005,625.725336,43.820938600000005,11.4161672,19.50335355,2.0,0.0016034635,2641628.0,2360064.0,200.37978700000002,335.6367695,1137.34209655,
radix,reference,param-last,1000,16,ok 16,True,,153.19979,999.686186,6.2286733000000005,483.832438,12.5376124,0.01567681905,0.02006691075,0.0,0.000455391,754280.0,131176.0,150.28485999999998,210.398598,970.6812914,
regexmatcher-v1,reference,param-last,1000,3,ok 3,True,,936.403076,6670.91821,23.1003418,2953.38135,87.8213588,28.1483503,13.1584473,5,0.012161414,9546024,3125912,931.760889,1402.6508,6641.9133113,
regexmatcher-v2,under test (H1 to H4),param-last,1000,16,ok 16,True,,52.1087928,515.458755,1.768259685,164.388238,4.056328000000001,0.024078793549999998,0.018879686649999998,0.0,0.0006638535,756000.0,182456.0,50.09499905,100.1896965,486.4538583,
regexmatcher-v2-ct,under test (H7),param-last,1000,16,ok 16,True,,52.36499135,515.458755,1.768462745,165.3218025,1.05492919,0.0188458976,0.0187113011,0.0,0.00019632900000000002,190856.0,30880.0,50.09494485,90.17099075,486.4538583,
regexmatcher-v2-r1,ablation (exploratory),param-last,1000,16,ok 16,True,,52.372108749999995,515.4587570000001,1.760337895,165.2235785,4.0538655949999995,0.0304945717,0.01898501035,0.0,0.0018219605,3000080.0,212696.0,50.09497845,90.17101765000001,486.4538603000001,
std-regex,reference,param-last,1000,3,ok 3,True,,64169.8126,633301.512,629.607238,202351.891,3962.12986,696.281621,257.538295,1998.62555,0.003414001,4102880,1891984,63510.4424,127622.36,633272.5071052,
uwebsockets,competitor,param-last,1000,16,ok 16,True,,176.223999,1178.536865,6.00201416,555.7990155,31.85572655,1.1429657999999998,19.6107815,0.0,0.0006822725,474368.0,286056.0,170.322966,330.626843,1149.5319686,
actix-router,competitor,param-last,10000,16,ok 16,True,,1748743.545,3103694.615,1121.421805,5510767.54,120169.947,122122.526,34639.1218,4923.035465,0.44482491,4094953244.0,178364496.0,1471934.375,4772943.970000001,3103665.6101035504,
boost-url,competitor,param-last,10000,16,ok 16,True,,3180.6654049999997,29264.4674,54.56140135,10038.32725,791.081848,341.873627,228.35717799999998,0.0,0.01435374,11610932.0,5575948.0,3155.981235,4333.21141,29235.46250375,
chi,competitor,param-last,10000,16,ok 16,True,,383.82100449999996,2042.80892,7.217000325,1204.94922,55.2890625,29.39510725,0.00379076871,0.0,0.014806768,340784.0,7236020.0,450.854111,1197.269895,1996.66657615,45.792991650000005
cpp-httplib,competitor,param-last,10000,16,ok 16,True,,109647.76199999999,958251.5395,1112.5914200000002,345688.542,25768.2352,12855.94915,1970.684495,1.0,0.002648992,4280548.0,3183836.0,110494.67000000001,207619.0135,958222.53460345,
crow,competitor,param-last,10000,16,ok 16,True,,1081.59033,9390.716065,18.121704100000002,3408.94299,69.30040485,13.50035605,6.065236410000001,17.4697266,0.0061365515,7847428.0,2352384.0,1051.996685,1537.9165699999999,9361.711170100001,
drogon,competitor,param-last,10000,16,ok 16,True,,712193.5615000001,6647376.625,6335.188655,2245345.755,57567.92125,17512.96475,2607.165245,19975.4149,0.13608205099999998,64859784.0,23590920.0,706368.3130000001,1403736.7850000001,6647347.6201037,
gin,competitor,param-last,10000,16,ok 16,True,,187.62197,887.4055295000001,6.2120884499999995,590.1028615,25.770975,13.646958049999999,0.0008203721274999999,0.0,0.006768801499999999,309096.0,3475200.0,260.493794,1021.9367050000001,841.2631864,46.0501099
glaze,competitor,param-last,10000,16,ok 16,True,,480.60909,3251.66809,5.747680665,1513.8230800000001,23.7385723,15.538837149999999,6.868642955,5.89550781,0.0096633705,16920476.0,14461572.0,470.89321800000005,1623.076545,3222.66319335,
hash,reference,param-last,10000,16,refused 16,False,refused: hash: an exact-match table holds literal routes only,,,,,,,,,,,,,,,
httprouter,competitor,param-last,10000,16,ok 16,True,,204.05328350000002,1160.7259749999998,6.332092285,639.4964355,28.321762550000003,13.2219289,0.0342858447,1.0,0.0058794105,309064.0,2625528.0,270.512878,1177.2302450000002,1114.5836309,46.52980805
matchit,competitor,param-last,10000,16,ok 16,True,,215.7700805,849.9488524999999,6.84069824,680.7364735,34.4837184,20.242027,10.7913049,0.0,0.0075701705,12879248.0,10357964.0,215.4085945,946.7957085,820.9439562,
nethttp,competitor,param-last,10000,16,ok 16,True,,345.483602,2985.866415,6.301961260000001,1083.176325,19.76919555,11.2401089,6.84970432,1.0,0.031271082500000005,405456.0,5903156.0,500.9505395,1457.83071,2907.724064,45.91731265
null,null,param-last,10000,16,ok 16,True,,4.47000648,29.0048964,0.0002506042045,14.1215665,0.5017075965,2.04759308e-05,0.0001595903395,0.0,4e-08,24.0,24.0,0.0,0.0,,
null-no405,null,param-last,10000,16,ok 16,True,,3.846015605,29.0048947,0.0002501054935,12.1485951,0.5015844039999999,9.45557769e-06,0.0001638838685,0.0,4e-08,24.0,24.0,0.0,0.0,,
oatpp,competitor,param-last,10000,16,ok 16,True,,105892.7795,718183.8395,654.2144780000001,333841.7575,35486.584350000005,16581.90955,1725.4587900000001,4.0,0.0054529520000000005,8996320.0,7218584.0,106867.3815,209717.828,718154.83460365,
path-tree,competitor,param-last,10000,16,ok 16,True,,276.938452,1398.8376950000002,8.75251465,873.703809,54.6739719,25.4315267,21.4511532,0.0,0.005140221,9896796.0,8495528.0,280.53082900000004,901.707721,1369.8328003000001,
pistache,competitor,param-last,10000,16,ok 16,True,,1161.528565,10899.28455,8.521240235,3663.778075,22.805087,11.199629349999999,6.436945135,7.77355957,0.0135824845,12984236.0,7992536.0,1142.1660200000001,1818.44825,10870.279653450001,
r3,competitor,param-last,10000,16,ok 16,True,,318.300293,1242.15865,6.56281128,1004.14531,64.18419475,29.028289,34.115240650000004,2.0,0.0184624365,26757116.0,23140076.0,320.6075805,1347.552755,1213.1537555,
radix,reference,param-last,10000,16,ok 16,True,,236.02004,1155.764225,11.3209025,744.773641,25.3776303,4.98596652,4.084927885,0.0,0.0049438785,6161688.0,1151272.0,240.455672,480.91076499999997,1126.7593284999998,
regexmatcher-v1,reference,param-last,10000,3,ok 3,True,,1142.27661,7003.42944,25.1486816,3606.7207,119.534402,48.4777388,16.4532138,5,0.529950449,94308104,28280536,1152.18498,2254.27495,6974.4245454,
regexmatcher-v2,under test (H1 to H4),param-last,10000,16,ok 16,True,,68.27601565,515.077701,1.74866365,214.9549825,4.68808744,2.11537828,2.58683509,0.0,0.010263429,8515920.0,2151032.0,70.13289474999999,410.7783835,486.07280455000006,
regexmatcher-v2-ct,under test (H7),param-last,10000,16,refused 16,False,refused: regexmatcher-v2-ct: no compile-time table in bench/gen holds these routes (generated for m <= 1000 and the table seeds of rbench's kTableSeeds),,,,,,,,,,,,,,,
regexmatcher-v2-r1,ablation (exploratory),param-last,10000,16,ok 16,True,,68.225274,515.077697,1.7527979249999999,215.3424075,4.703267745,2.091304455,2.613488845,0.0,0.0163892585,40785216.0,2581240.0,70.1330084,410.779049,486.07280055,
std-regex,reference,param-last,10000,3,ok 3,True,,652698.711,6284081.95,6255.29189,2058000.7,41348.7062,20383.3874,2738.30907,19917.2695,0.034430815,41478496,19140192,639612.922,1302970.87,6284052.9451057,
uwebsockets,competitor,param-last,10000,16,ok 16,True,,743.202637,3807.184325,29.022277850000002,2344.71289,248.83412099999998,101.52737250000001,159.276518,0.0,0.0140725235,5131072.0,3041368.0,731.386532,1522.8881649999998,3778.17942855,
actix-router,competitor,param-last,100000,16,ok 16,True,,42578646.05,32131171.75,10721.5,134222461.5,1233865.93,1326011.53,356365.5415,49918.3125,4.603489875,40939167796.0,1777603752.0,44348789.75,85354190.6,32131142.745091148,
boost-url,competitor,param-last,100000,16,ok 16,True,,31597.8429,251109.137,382.10400400000003,99547.42624999999,8331.697225,5923.68583,9.071533205000001,0.0,0.667718732,95136380.0,45919124.0,30733.40245,59397.55395,251080.13210325,
chi,competitor,param-last,100000,16,ok 16,True,,581.749878,2226.5469949999997,9.357849120000001,1824.92554,74.8004254,48.85874405,2.5741362050000003,0.0,0.2485096235,3409524.0,73122800.0,621.1789885000001,1988.76651,2180.40465095,45.689262400000004
cpp-httplib,competitor,param-last,100000,16,ok 16,True,,1606478.4300000002,9383721.16,18369.70445,5061780.8100000005,248407.4235,29993.7222,12996.800749999999,1.0,0.0306721855,39523088.0,30141660.0,1475932.9100000001,3511436.075,9383692.15510165,
crow,competitor,param-last,100000,16,ok 16,True,,1369.639405,10860.468499999999,26.684814449999998,4321.471315,103.25296399999999,24.321997099999997,7.66018202,19.3984375,0.084587424,67332968.0,22559624.0,1332.5283,1983.7604999999999,10831.4635891,
drogon,competitor,param-last,100000,16,ok 16,True,,10000202.265,64831708.95,61721.64585,31527146.7,561610.1005,172797.1775,7777.2777750000005,194538.4795,10.4312675,634947632.0,229075060.0,9106556.925,20504026.6,64831679.9451033,
gin,competitor,param-last,100000,16,ok 16,True,,256.248291,999.0876955000001,7.438903805,804.0451660000001,33.2012787,22.2171097,1.566088355,0.0,0.1464835935,3088896.0,35297956.0,330.626793,1507.858185,952.94535275,45.76280215
glaze,competitor,param-last,100000,16,ok 16,True,,530.5347899999999,3252.67877,5.85719808,1669.123965,24.27598065,18.582875549999997,7.55147298,5.89599609,0.1483988095,168465716.0,144188176.0,520.9873150000001,2023.833725,3223.6738734,
hash,reference,param-last,100000,16,refused 16,False,refused: hash: an exact-match table holds literal routes only,,,,,,,,,,,,,,,
httprouter,competitor,param-last,100000,16,ok 16,True,,273.90873999999997,1265.4797899999999,7.447631835,853.1661925,34.6062172,21.626472749999998,2.49189185,1.0,0.1148563575,3088864.0,26635420.0,340.64545899999996,1527.8937299999998,1219.3374459,45.656944249999995
matchit,competitor,param-last,100000,16,ok 16,True,,311.876495,925.0016479999999,8.285125735000001,983.534497,43.960227,33.6239274,16.6146143,0.0,0.1147970425,130598096.0,105602392.0,310.5885125,1307.4786,895.99674955,
nethttp,competitor,param-last,100000,16,ok 16,True,,348.40035,2984.5595700000003,6.424835205,1094.79788,19.974467599999997,10.4791347,1.3013373449999999,1.0,0.4301424295,4057728.0,53676708.0,500.949817,1542.9217250000002,2906.4172179,45.72302245
null,null,param-last,100000,16,ok 16,True,,5.09333455,29.0048985,0.000251992486,16.0906962,0.501600233,9.677875290000001e-06,0.00013428215349999998,0.0,4e-08,24.0,24.0,0.0,0.0,,
null-no405,null,param-last,100000,16,ok 16,True,,5.0935776100000005,29.004898150000002,0.000251805715,16.089692049999996,0.5016126185,1.499660995e-05,0.000139974317,0.0,4e-08,24.0,24.0,0.0,0.0,,
oatpp,competitor,param-last,100000,16,ok 16,True,,2443718.955,7018535.54,6172.683945000001,7699973.745,366697.37049999996,150893.14250000002,9323.418595,4.0,0.054616061,87313448.0,70846128.0,2246614.9299999997,5185654.215,7018506.53510335,
path-tree,competitor,param-last,100000,16,ok 16,True,,474.505656,1552.994835,10.725056949999999,1497.548585,79.2408729,60.0272973,34.6075909,0.0,0.092705064,97553164.0,85220368.0,470.893144,1527.8958699999998,1523.9899364000003,
pistache,competitor,param-last,100000,16,ok 16,True,,1215.375735,10888.90015,8.603881835,3829.763065,23.47965865,14.493896450000001,7.121937145,7.77429199,0.15863014450000001,129530512.0,79727936.0,1202.275455,2229.22801,10859.8952536,
r3,competitor,param-last,100000,16,ok 16,True,,532.2491454999999,1072.4290799999999,7.95098877,1678.02183,89.11008305,58.158185700000004,58.0690812,2.0,0.2645408185,274962344.0,234544308.0,531.004936,1773.3626749999999,1043.4241856499998,
radix,reference,param-last,100000,16,ok 16,True,,342.7938535,1312.62952,14.85354615,1081.17291,42.788791950000004,24.9611992,3.6872333150000003,0.0,0.07102678500000001,51629432.0,10320040.0,340.6459255,1011.9174250000001,1283.6246231,
regexmatcher-v2,under test (H1 to H4),param-last,100000,16,ok 16,True,,72.31984725000001,515.5995634999999,1.804803465,228.2558865,4.90402252,2.900815825,0.7994414830000001,0.0,0.1526819915,73915456.0,18598456.0,70.13332270000001,425.8067265,486.5946648,
regexmatcher-v2-ct,under test (H7),param-last,100000,16,refused 16,False,refused: regexmatcher-v2-ct: no compile-time table in bench/gen holds these routes (generated for m <= 1000 and the table seeds of rbench's kTableSeeds),,,,,,,,,,,,,,,
regexmatcher-v2-r1,ablation (exploratory),param-last,100000,16,ok 16,True,,71.89911565,515.5995515,1.81973231,226.743007,4.8398418450000005,2.9170269600000003,0.7901727395,0.0,0.20246277699999998,344753440.0,21090992.0,70.13297055,430.81685749999997,486.59465279999995,
uwebsockets,competitor,param-last,100000,16,ok 16,True,,7617.45752,30059.19495,246.302368,24010.567499999997,2274.6969,1914.5866700000001,1239.0362949999999,0.0,1.1113054949999999,47944944.0,28706968.0,7384.0022,17262.74615,30030.19005325,
actix-router,competitor,rest,10,16,ok 16,True,,639.943176,6052.67419,5.399597165,2020.169005,53.42980315,0.09824218745,34.428405749999996,5.5286865249999995,0.000504218,4474564.0,224288.0,631.1967175,1011.9177199999999,6023.6692953,
boost-url,competitor,rest,10,16,ok 16,True,,320.3323975,3103.249265,4.8819458000000004,1010.62311,1.300255405,0.01337633635,0.02300009585,0.0,1.2178000000000001e-05,22888.0,12288.0,310.5892755,370.7031095,3074.2443664,
chi,competitor,rest,10,16,ok 16,True,,163.2594335,1728.1290600000002,1.9373626750000001,513.413669,2.99326508,0.0650843495,0.015447263199999998,0.0,1.89905e-05,424.0,11012.0,230.437602,275.5227585,1681.9867158000002,45.92704775
cpp-httplib,competitor,rest,10,16,ok 16,True,,261.5440675,2447.41123,3.161865235,825.4370604999999,1.26271436,0.016897802349999998,0.020584701650000002,2.102661135,4.379e-06,7392.0,5040.0,250.474559,375.712223,2418.4063354,
crow,competitor,rest,10,16,ok 16,True,,752.3085934999999,7175.045045,7.2994384750000005,2374.6615,1.8716421699999999,0.024603451,0.0271498736,14.809570350000001,1.0279000000000001e-05,16320.0,4320.0,696.3208425,831.575322,7146.0401486,
drogon,competitor,rest,10,16,ok 16,True,,1997.401365,18465.5459,13.72155765,6309.174565,35.41286505,0.2150878905,0.120495024,31.0582275,8.409349999999999e-05,84388.0,28784.0,1923.64726,3456.5492,18436.541005400002,
gin,competitor,rest,10,16,ok 16,True,,72.0890966,718.866936,2.9949924699999997,226.792377,1.31160063,0.01084834884,0.01468373105,0.0,1.26135e-05,456.0,6232.0,150.28464300000002,180.3415715,672.7245930500001,45.921318049999996
glaze,competitor,rest,10,16,ok 16,True,,534.491109,4486.20378,7.563883465,1687.25232,3.0718397050000004,0.0308632229,0.0359205163,7.995605469999999,1.26285e-05,25456.0,22328.0,520.9879895,611.159041,4457.1988817500005,
hash,reference,rest,10,16,refused 16,False,refused: hash: an exact-match table holds literal routes only,,,,,,,,,,,,,,,
httprouter,competitor,rest,10,16,ok 16,True,,110.60058599999999,1167.434635,3.29139016,346.624778,3.74640692,0.27317219800000003,0.12325079750000001,1.0,1.17525e-05,424.0,4660.0,170.3220255,480.91037500000004,1121.29229135,46.3853073
matchit,competitor,rest,10,16,ok 16,True,,124.3680565,955.421137,5.481166585,392.7528185,1.69565857,0.01504519465,0.09955631625,0.0,9.107e-06,28524.0,26048.0,120.227968,160.303541,926.4162385,
nethttp,competitor,rest,10,16,ok 16,True,,388.58540849999997,3938.887775,8.788126625,1200.4878749999998,8.7497515,0.5060562775,0.09968078305,2.0,4.08365e-05,600.0,10564.0,571.082748,1182.24219,3860.74542345,46.0841446
null,null,rest,10,16,ok 16,True,,4.471684025,29.00489645,0.0002512367255,14.126102499999998,0.5014032420000001,1.1668291e-05,0.00014640872399999998,0.0,4e-08,24.0,24.0,0.0,0.0,,
null-no405,null,rest,10,16,ok 16,True,,5.093682095,29.00489825,0.000251815727,16.08997265,0.501526351,1.66963177e-05,0.000137168956,0.0,4e-08,24.0,24.0,0.0,0.0,,
oatpp,competitor,rest,10,16,ok 16,True,,384.23449700000003,3415.46825,3.7071940100000003,1212.755795,2.070815925,0.0200071624,0.02329138555,6.2053222649999995,8.9915e-06,12432.0,9928.0,365.693377,536.0155924999999,3386.4633534,
path-tree,competitor,rest,10,16,ok 16,True,,147.1690915,1271.093075,5.38868544,464.65561649999995,1.311131595,0.01270680145,0.02238153815,0.0,6.151e-06,17336.0,16104.0,140.26593000000003,180.34190949999999,1242.0881783,
pistache,competitor,rest,10,16,ok 16,True,,1384.286255,14161.015749999999,9.11987305,4371.0177,3.27307129,0.0442437066,0.055202908,9.397094725,1.8149e-05,22036.0,16904.0,1367.59663,1733.29702,14132.0108535,
r3,competitor,rest,10,16,ok 16,True,,307.7877805,3157.62451,4.02514038,971.693231,2.0471183799999997,0.02864879415,0.03499205055,2.0,2.46815e-05,27116.0,25168.0,300.5698215,385.731424,3128.6196115000002,
radix,reference,rest,10,16,ok 16,True,,87.00485839999999,872.424845,1.9012532549999999,274.708168,1.15026347,0.008551952974999999,0.018989142100000002,0.0,3.311e-06,11840.0,2504.0,80.15185435000001,110.2087995,843.41994675,
regexmatcher-v1,reference,rest,10,3,ok 3,True,,1351.08789,10109.4121,44.0476074,4260.98315,113.148755,0.109917535,10.9052979,5.20727539,0.00012203,146376,61744,1342.54419,2244.25297,10080.407205399999,
regexmatcher-v2,under test (H1 to H4),rest,10,16,ok 16,True,,59.58783685,608.8253569999999,1.99579123,188.018462,1.15932951,0.007349784695,0.01874731685,0.0,6.272e-06,13848.0,3456.0,50.095047300000004,80.1519201,579.8204604,
regexmatcher-v2-ct,under test (H7),rest,10,16,ok 16,True,,59.3916421,608.825356,1.9900728,187.49591800000002,1.1289497,0.006348439365,0.018822783949999998,0.0,3.772e-06,3024.0,640.0,55.10429445,80.15192640000001,579.8204594,
regexmatcher-v2-r1,ablation (exploratory),rest,10,16,ok 16,True,,59.1309774,608.825355,1.99241869,186.5716635,1.141527415,0.007129993790000001,0.01871389755,0.0,7.489e-06,43264.0,4752.0,50.09500774999999,80.15190089999999,579.8204584,
std-regex,reference,rest,10,3,ok 3,True,,1520.70972,15144.7092,11.8327637,4800.67651,19.8009711,0.0334777832,0.0872124566,26.675293,5.0365e-05,49984,24160,1522.88323,2414.57912,15115.704305399999,
uwebsockets,competitor,rest,10,16,ok 16,True,,76.16882865,801.5918845,1.734517415,240.51565349999998,1.2491489,0.009651429885,0.022139476050000002,0.0,7.434e-06,11016.0,8592.0,70.13295959999999,100.18997350000001,772.586988,
actix-router,competitor,rest,100,16,ok 16,True,,4810.4845000000005,37186.48355,17.02368165,15126.0952,1312.09359,24.56107585,437.6011555,50.76501465,0.0052272510000000005,44527192.0,2225616.0,4738.98444,9352.723204999998,37157.4786515,
boost-url,competitor,rest,100,16,ok 16,True,,498.6455075,5120.785400000001,8.609863285,1574.18884,9.25694824,0.0229150391,0.429067383,0.0,0.000117867,175604.0,85884.0,490.930017,586.110648,5091.7805011,
chi,competitor,rest,100,16,ok 16,True,,214.2186105,2032.5758500000002,3.3321649449999997,673.444519,27.5479458,0.06629706739999999,0.0254600788,0.0,0.000150047,4240.0,87120.0,280.53272849999996,350.664668,1986.4335057,45.85883335
cpp-httplib,competitor,rest,100,16,ok 16,True,,1248.368285,11983.0265,11.45202635,3943.502195,92.09687500000001,0.045422363300000004,0.0615356445,3.5787353499999996,4.4043e-05,63776.0,41616.0,1227.325175,2384.5203300000003,11954.021603500001,
crow,competitor,rest,100,16,ok 16,True,,1135.83826,10315.356199999998,15.437377949999998,3583.54297,40.85592375,0.1001420453,0.1124267575,18.3911133,8.33365e-05,117844.0,29016.0,1097.08104,1377.613685,10286.35130355,
drogon,competitor,rest,100,16,ok 16,True,,8999.22485,86528.31224999999,65.9222412,28408.588349999998,475.513143,2.9783935550000002,43.53763835,217.085327,0.0008622715,840136.0,284600.0,8816.712765,17949.028599999998,86499.30735349999,
gin,competitor,rest,100,16,ok 16,True,,99.9058752,874.8056205,4.54353953,314.2086995,12.4957353,0.06929959445,0.0166479115,0.0,8.0947e-05,4056.0,44400.0,180.3419765,220.418021,828.66327725,46.17733765
glaze,competitor,rest,100,16,ok 16,True,,577.6028445,4536.553954999999,11.05187985,1822.2725249999999,19.91848795,0.2227727715,3.79757968,7.9934082,0.00011630399999999999,205780.0,173820.0,561.064666,671.271218,4507.54905635,
hash,reference,rest,100,16,refused 16,False,refused: hash: an exact-match table holds literal routes only,,,,,,,,,,,,,,,
httprouter,competitor,rest,100,16,ok 16,True,,141.015283,1338.9955100000002,5.068154565,439.9321085,13.8693598,0.273186003,0.140590249,1.0,7.0352e-05,4024.0,33376.0,190.3608925,510.96971099999996,1292.8531659,46.47750095
matchit,competitor,rest,100,16,ok 16,True,,156.1090905,1024.56795,7.70746528,492.8092855,19.199556049999998,0.0461731208,6.828409645,0.0,8.621200000000001e-05,172748.0,148532.0,150.2848455,200.380057,995.5630535,
nethttp,competitor,rest,100,16,ok 16,True,,410.024943,3975.283285,11.1982829,1278.754395,20.75722475,0.5936654895,0.2638120295,2.0,0.0003129735,5748.0,77628.0,591.122946,1322.507585,3897.1409266,45.738571199999996
null,null,rest,100,16,ok 16,True,,3.8531874349999997,29.0048948,0.0002504811665,12.162247399999998,0.5014914015,1.01432313e-05,0.00016587312600000001,0.0,4e-08,24.0,24.0,0.0,0.0,,
null-no405,null,rest,100,16,ok 16,True,,5.0946997,29.0048984,0.000252080158,16.090306650000002,0.5015745855,1.729944525e-05,0.0001354095305,0.0,4e-08,24.0,24.0,0.0,0.0,,
oatpp,competitor,rest,100,16,ok 16,True,,1220.55859,10960.45715,13.471801750000001,3854.69812,267.257475,0.118508079,8.879560995,9.157470700000001,7.71745e-05,117956.0,94552.0,1202.281355,2349.453595,10931.4522535,
path-tree,competitor,rest,100,16,ok 16,True,,197.434201,1492.139855,8.12161691,622.861764,13.508382999999998,0.038266136500000006,5.0181446649999994,0.0,6.0419000000000005e-05,126212.0,114304.0,190.36078149999997,250.47430500000002,1463.1349584,
pistache,competitor,rest,100,16,ok 16,True,,1435.85315,14249.91405,11.2480469,4532.948485,18.5251058,0.1427408855,3.589748805,9.389282225,0.000163873,157304.0,105384.0,1407.6681749999998,1813.432635,14220.90915335,
r3,competitor,rest,100,16,ok 16,True,,578.7701004999999,5643.70227,6.30230713,1827.080565,37.86474485,0.248798717,6.334627755,2.0,0.0001910285,268848.0,245624.0,551.0420349999999,756.4317854999999,5614.69737355,
radix,reference,rest,100,16,ok 16,True,,121.6865885,1007.57376,3.781677245,384.15995250000003,1.466130895,0.01278250555,0.01916198125,0.0,3.21355e-05,93956.0,16840.0,120.22777049999999,155.294486,978.5688614999999,
regexmatcher-v1,reference,rest,100,3,ok 3,True,,2131.07251,16342.5413,56.90625,6725.60083,326.574951,7.42545573,33.6702881,11.2072754,0.001180702,1252272,424944,2043.87811,3807.20843,16313.5364014,
regexmatcher-v2,under test (H1 to H4),rest,100,16,ok 16,True,,66.5585763,614.9888245,2.71217555,210.089905,1.338471405,0.008338646445,0.01895192965,0.0,5.7047e-05,95348.0,18824.0,60.113926649999996,100.1895165,585.9839279,
regexmatcher-v2-ct,under test (H7),rest,100,16,ok 16,True,,66.73775309999999,614.988827,2.706030905,210.6438355,1.15902258,0.0084078026,0.018954554800000002,0.0,2.4531e-05,24420.0,4000.0,60.113989450000005,95.18041489999999,585.9839304,
regexmatcher-v2-r1,ablation (exploratory),rest,100,16,ok 16,True,,66.7087904,614.988827,2.701955085,210.46937250000002,1.417903285,0.00866832591,0.0189679642,0.0,7.1109e-05,357044.0,29112.0,60.1139584,90.17109925,585.9839304,
std-regex,reference,rest,100,3,ok 3,True,,7938.81934,79525.4521,62.6574707,25031.9771,403.114176,1.95979818,28.0411784,212.147949,0.000515108,500728,241520,7834.84836,15799.9501,79496.44720539999,
uwebsockets,competitor,rest,100,16,ok 16,True,,113.0584415,1011.039375,3.1180522350000004,356.891251,7.81036174,0.018559872249999998,1.89317036,0.0,6.965549999999999e-05,62424.0,38856.0,110.208932,170.3231365,982.0344785499999,
actix-router,competitor,rest,1000,16,ok 16,True,,98997.5446,348349.8195,94.49706549999999,312090.722,13198.4008,11726.35475,4588.886075,502.87550550000003,0.053152051,446407920.0,22366528.0,96583.1269,198221.115,348320.8146036,
boost-url,competitor,rest,1000,16,ok 16,True,,764.3966675,7527.472165,17.734008799999998,2411.4335300000002,62.2545929,1.34399414,17.85687255,0.0,0.0016540654999999999,1461912.0,695344.0,751.425571,1011.917635,7498.4672558,
chi,competitor,rest,1000,16,ok 16,True,,303.176117,2213.1401100000003,5.534210205,952.478662,47.096661850000004,8.3154803,0.0024294969500000003,0.0,0.001277519,42256.0,766564.0,370.7031665,601.1395035,2166.9977657500003,45.71491245
cpp-httplib,competitor,rest,1000,16,ok 16,True,,11689.96775,107373.67199999999,123.846191,36864.89905,2769.0639650000003,88.92541505,345.36311850000004,17.668823250000003,0.0004465345,607784.0,398256.0,11767.3394,22743.15825,107344.6671015,
crow,competitor,rest,1000,16,ok 16,True,,1283.3189699999998,10983.36815,24.1152344,4050.08826,59.89936115,2.774853515,5.23618164,20.2993164,0.0007292965,911204.0,228776.0,1247.3654999999999,1567.970205,10954.36325525,
drogon,competitor,rest,1000,16,ok 16,True,,82817.91075000001,770939.9235,680.917076,261139.838,5208.3354,1101.28358,391.006933,2077.41712,0.009038151,8302740.0,2793888.0,81449.39245,166260.28149999998,770910.9186016,
gin,competitor,rest,1000,16,ok 16,True,,128.3132325,983.670695,5.789666195000001,402.6801095,25.71101905,0.745361328,0.0159903543,0.0,0.000753077,40056.0,367688.0,210.39906150000002,370.7031085,937.5283518,46.05332945
glaze,competitor,rest,1000,16,ok 16,True,,630.1365355,4607.655275,12.21618655,1987.93274,25.99711915,9.56715698,6.54963379,7.99377441,0.0011211785000000002,1838124.0,1519892.0,621.1733485,816.547876,4578.6503783,
hash,reference,rest,1000,16,refused 16,False,refused: hash: an exact-match table holds literal routes only,,,,,,,,,,,,,,,
httprouter,competitor,rest,1000,16,ok 16,True,,176.74360000000001,1508.83159,6.21006557,541.1016999999999,25.5064,1.436735455,0.416928645,1.0,0.0006745685,40024.0,278368.0,230.43647199999998,721.3675075,1462.6892455,46.42983245
matchit,competitor,rest,1000,16,ok 16,True,,198.77736399999998,1094.26645,9.02202497,627.244925,31.333116099999998,7.184980545,8.6032641,0.0,0.0008943785,1427236.0,1131096.0,190.3608785,360.684129,1065.2615514,
nethttp,competitor,rest,1000,16,ok 16,True,,422.6237385,4044.558105,10.23083495,1320.07198,26.55696615,5.44627098,0.1113637722,2.0,0.0026179675000000003,57048.0,699524.0,621.1780805000001,1723.26854,3966.4157537499996,45.6624069
null,null,rest,1000,16,ok 16,True,,3.887121135,29.0048948,0.00025076686750000003,12.27156555,0.501496495,1.95075299e-05,0.00014377025849999998,0.0,4e-08,24.0,24.0,0.0,0.0,,
null-no405,null,rest,1000,16,ok 16,True,,5.093734755,29.004898150000002,0.00025169648850000004,16.0899978,0.5015530450000001,1.037907985e-05,0.00015073463,0.0,4e-08,24.0,24.0,0.0,0.0,,
oatpp,competitor,rest,1000,16,ok 16,True,,11224.3169,86229.5453,83.71936034999999,35341.7543,3531.302405,661.888387,438.795817,37.33764645,0.0007473005,1151988.0,931160.0,11025.90535,23209.0594,86200.54040175,
path-tree,competitor,rest,1000,16,ok 16,True,,259.49954,1643.662965,10.5438721,817.8778565,38.544122200000004,3.9575842999999997,14.077083649999999,0.0,0.000590611,1047764.0,925760.0,250.4746765,390.7406485,1614.65807015,
pistache,competitor,rest,1000,16,ok 16,True,,1496.38171,14396.3004,11.852294950000001,4720.34424,26.92762585,5.855848525,6.710110135,9.395629880000001,0.0016378905,1346864.0,823168.0,1457.75733,1908.61814,14367.2955034,
r3,competitor,rest,1000,16,ok 16,True,,665.575745,5909.374145,8.019104004999999,2097.2227199999998,67.77819825,13.45013535,22.45763555,2.0,0.001643131,2655952.0,2370300.0,656.2440564999999,1011.9195649999999,5880.3692503,
radix,reference,rest,1000,16,ok 16,True,,164.6293795,1136.287765,6.610977175,519.0495980000001,12.99592465,0.0223372854,0.0226694725,0.0,0.0003739185,754904.0,131816.0,160.3040215,220.4180465,1107.2828558,
regexmatcher-v1,reference,rest,1000,3,ok 3,True,,12611.9385,120450.012,201.816406,39736.6667,1610.50651,143.662842,192.468343,57.015625,0.014393001,11630744,3399464,11842.4343,28203.4512,120421.0070765,
regexmatcher-v2,under test (H1 to H4),rest,1000,16,ok 16,True,,64.52476515000001,623.948061,2.255558055,203.7026715,4.96219561,0.02991548065,0.022129509999999998,0.0,0.000858861,929488.0,183480.0,60.113937050000004,110.2088845,594.9431648,
regexmatcher-v2-ct,under test (H7),rest,1000,16,ok 16,True,,64.40167145000001,623.948047,2.261273195,203.244957,1.2052625149999998,0.02202316575,0.0218077655,0.0,0.0002332585,224968.0,30880.0,60.113972000000004,110.2088565,594.9431508,
regexmatcher-v2-r1,ablation (exploratory),rest,1000,16,ok 16,True,,64.7405418,623.9480504999999,2.26432318,204.34446150000002,4.96491859,0.02963300595,0.0223057524,0.0,0.0018880265,3148896.0,278232.0,60.113996,100.190461,594.9431543,
std-regex,reference,rest,1000,3,ok 3,True,,73468.264,721708.161,672.095606,231715.937,4209.00567,748.792575,326.384897,2069.9785,0.005180334,5061824,2442128,72287.0577,149362.137,721679.1561015999,
uwebsockets,competitor,rest,1000,16,ok 16,True,,195.2693075,1316.1561849999998,6.298950195,615.5189555,34.48284925,1.184978235,21.8088438,0.0,0.00075289,515216.0,289608.0,190.3607305,350.66438700000003,1287.1512741000001,
actix-router,competitor,rest,10000,16,ok 16,True,,2107694.49,3408354.545,810.5968885,6640369.574999999,133495.0235,140645.785,43328.66285,4956.461535,0.580419577,4466325500.0,224778136.0,1828331.955,5473319.74,3408325.54010325,
boost-url,competitor,rest,10000,16,ok 16,True,,3219.240725,29735.2947,56.24169925,10155.5378,798.6348265,347.777069,81.14144895,0.0,0.016816621,12004100.0,5728536.0,3186.0167,4378.270759999999,29706.289801400002,
chi,competitor,rest,10000,16,ok 16,True,,427.68924949999996,2411.053505,7.492838545,1345.15324,67.28686105,32.4331939,0.004369696255,0.0,0.016574137,422416.0,7456928.0,490.93089,1708.23691,2364.9111609,45.76615145
cpp-httplib,competitor,rest,10000,16,ok 16,True,,118892.6795,1057858.38,1078.637725,374772.701,31848.33655,18632.31395,1378.67064,158.8758805,0.0042277765000000005,6540456.0,4142664.0,118629.6325,227055.18,1057829.3751032501,
crow,competitor,rest,10000,16,ok 16,True,,1422.78674,12328.42295,22.80285645,4486.4823,78.73509385,13.21210395,7.93153212,22.4733887,0.006617001,8333916.0,2358040.0,1382.6193400000002,1813.43173,12299.4180533,
drogon,competitor,rest,10000,16,ok 16,True,,846832.647,7517476.1899999995,6655.70702,2669596.3,63149.372350000005,25776.749949999998,3420.808375,20394.1883,0.16496072350000002,85688560.0,29269856.0,821563.638,1756422.245,7517447.1851036,
gin,competitor,rest,10000,16,ok 16,True,,209.505249,1097.1061399999999,6.978832425,658.5609999999999,32.49321784999999,14.3433548,0.0025234166665,0.0,0.0073414034999999996,400056.0,3523456.0,280.532181,1082.0516550000002,1050.96379695,45.76802065
glaze,competitor,rest,10000,16,ok 16,True,,676.3984375,4607.653995000001,12.35394285,2132.912595,26.890605700000002,15.576407450000001,7.01267283,7.9938964850000005,0.010844792,18526364.0,15158916.0,661.252874,1848.5044149999999,4578.64910055,
hash,reference,rest,10000,16,refused 16,False,refused: hash: an exact-match table holds literal routes only,,,,,,,,,,,,,,,
httprouter,competitor,rest,10000,16,ok 16,True,,254.52582999999998,1654.691115,7.6477783200000005,794.834863,35.87409125,14.53123335,0.08306052465,1.0,0.0063728385,400024.0,2672324.0,290.5508575,1422.697225,1608.54877095,46.3587265
matchit,competitor,rest,10000,16,ok 16,True,,267.4641845,1170.88701,10.28498535,843.5598145,43.39471965,22.66816575,12.4041695,0.0,0.0092005465,13644312.0,10635340.0,260.4936935,1051.9947550000002,1141.8821136000001,
nethttp,competitor,rest,10000,16,ok 16,True,,460.46148700000003,4031.949605,10.233459450000002,1434.095255,24.39213505,11.9689625,8.004041885,2.0,0.035115467,572352.0,6214548.0,656.2427514999999,1993.7774450000002,3953.8072383,45.7713318
null,null,rest,10000,16,ok 16,True,,4.49968476,29.00489665,0.0002510810775,14.214378,0.501767914,8.865889225e-06,0.000150799635,0.0,3.55e-08,24.0,24.0,0.0,0.0,,
null-no405,null,rest,10000,16,ok 16,True,,3.848972765,29.0048948,0.00025008532099999995,12.1567523,0.5015202304999999,2.5056052e-05,0.00015335799849999998,0.0,4e-08,24.0,24.0,0.0,0.0,,
oatpp,competitor,rest,10000,16,ok 16,True,,125829.0705,837269.6935,674.3928515,396675.39300000004,34357.30425,22586.9627,1944.518305,319.618211,0.007249805,12091248.0,9590176.0,126619.571,250063.346,837240.68860515,
path-tree,competitor,rest,10000,16,ok 16,True,,357.9612735,1838.144045,12.1222229,1128.4904900000001,61.2871687,27.025357,23.2391435,0.0,0.006290848,10493132.0,8999712.0,340.64642549999996,961.822013,1809.1391485,
pistache,competitor,rest,10000,16,ok 16,True,,1531.41785,14397.8533,11.81066895,4820.083615,27.5493571,11.2956967,6.92438422,9.38952637,0.015556586,13304532.0,8028256.0,1492.82463,2344.4355649999998,14368.848403300002,
r3,competitor,rest,10000,16,ok 16,True,,781.842712,6017.15924,9.30926514,2464.619565,89.1871567,31.08329775,36.93831635,2.0,0.018454716500000003,26845928.0,23217112.0,791.4990085,1743.308385,5988.15434555,
radix,reference,rest,10000,16,ok 16,True,,246.8623045,1290.69272,11.40947265,778.8378660000001,26.1439078,5.0642388799999996,4.084515455,0.0,0.0050213005,6162352.0,1151912.0,250.4748185,515.9786005000001,1261.6878253999998,
regexmatcher-v1,reference,rest,10000,3,ok 3,True,,512281.742,5726509.19,7570.83,1615483.45,24178.7214,2431.89133,1501.07415,117.88,0.553259663,115891736,30886104,530123.831,943710.509,5726480.185105201,
regexmatcher-v2,under test (H1 to H4),rest,10000,16,ok 16,True,,81.3592673,624.063576,2.267341165,256.65850650000004,5.615991905,2.4208711249999997,2.6348021800000003,0.0,0.0106787735,8952948.0,2152056.0,80.1520211,420.79771,595.0586791000001,
regexmatcher-v2-ct,under test (H7),rest,10000,16,refused 16,False,refused: regexmatcher-v2-ct: no compile-time table in bench/gen holds these routes (generated for m <= 1000 and the table seeds of rbench's kTableSeeds),,,,,,,,,,,,,,,
regexmatcher-v2-r1,ablation (exploratory),rest,10000,16,ok 16,True,,81.55588925,624.063576,2.26938629,257.1961455,5.621552735,2.43236278,2.6337295249999997,0.0,0.017255524,40981068.0,2581240.0,80.15192635,420.7975835,595.0586791000001,
std-regex,reference,rest,10000,3,ok 3,True,,803235.799,7387896.54,6900.97806,2531643.16,50304.3014,27087.5216,3437.95782,21367.2382,0.052137711,50870016,24542944,793613.829,1520862.67,7387867.5351057,
uwebsockets,competitor,rest,10000,16,ok 16,True,,772.7420655,3942.86621,29.270751949999998,2437.9724749999996,262.279274,109.5518265,159.7297285,0.0,0.015061964,5518040.0,3045040.0,761.4428245,1562.95815,3913.8613133999997,
actix-router,competitor,rest,100000,16,ok 16,True,,46784925.599999994,33237527.75,7507.09375,147452263.0,1295434.19,1451174.25,427233.3025,48583.84375,6.0510538,44643128708.0,2241518080.0,47574581.65,94031763.6,33237498.74510335,
boost-url,competitor,rest,100000,16,ok 16,True,,31762.033349999998,251505.881,383.0491945,100082.11155,8339.298055,5930.850505,9.080769855,0.0,0.6980320065000001,98432336.0,47002048.0,30848.4334,59452.72685,251476.87610325002,
chi,competitor,rest,100000,16,ok 16,True,,636.923462,2593.701295,9.328735349999999,2003.042175,85.56582945,51.351310049999995,2.63256228,0.0,0.26102842049999997,4229092.0,75227424.0,676.2820095,1973.750965,2547.5589510500004,45.796241800000004
cpp-httplib,competitor,rest,100000,16,ok 16,True,,1236656.27,10407323.65,9627.337695,3893799.4699999997,313752.02249999996,4157.523955000001,5300.855305,1553.804745,0.0477402685,61940264.0,39637024.0,1261391.78,2465976.1550000003,10407294.64510345,
crow,competitor,rest,100000,16,ok 16,True,,1698.7854,13872.04235,32.0181885,5361.38147,116.499806,24.5629425,9.815477645,24.3815918,0.0900118535,72151240.0,22565272.0,1658.1407,2329.416505,13843.037453600002,
drogon,competitor,rest,100000,16,ok 16,True,,14765982.75,73368808.3,64342.25,46551839.599999994,627265.198,239771.7085,6807.177084999999,199734.375,10.6139458,842970444.0,285737424.0,14604589.3,30596902.65,73368779.29510334,
gin,competitor,rest,100000,16,ok 16,True,,274.91603399999997,1208.48378,8.077856445,863.8783510000001,39.5276809,22.85881545,1.486520295,0.0,0.151398418,4000056.0,35713044.0,350.66476850000004,1202.27398,1162.3414369,45.878105149999996
glaze,competitor,rest,100000,16,ok 16,True,,721.628479,4607.05121,12.306396450000001,2276.53943,27.69318705,18.609798650000002,7.532836915000001,7.994140625,0.16009885699999998,184429596.0,151067152.0,711.347702,2078.94338,4578.04631525,
hash,reference,rest,100000,16,refused 16,False,refused: hash: an exact-match table holds literal routes only,,,,,,,,,,,,,,,
httprouter,competitor,rest,100000,16,ok 16,True,,300.533661,1465.365695,8.14306641,915.8202515,38.47415865,21.046479050000002,1.645721635,1.0,0.1230370835,4000024.0,27048904.0,350.6650775,1397.7054,1419.22334935,45.839408899999995
matchit,competitor,rest,100000,16,ok 16,True,,363.83608,1245.0017699999999,11.72131345,1147.84744,53.36208255,36.673135200000004,18.67845605,0.0,0.1318426065,137989848.0,108039712.0,360.6836855,1542.92317,1215.9968717000002,
nethttp,competitor,rest,100000,16,ok 16,True,,471.3300175,4025.0883000000003,10.313089999999999,1472.86137,24.5660571,11.10264235,1.62679106,2.0,0.4719733745,5716968.0,56827636.0,651.2334865,1793.398795,3946.94594875,45.70017245
null,null,rest,100000,16,ok 16,True,,3.8454961699999997,29.00489475,0.000250131806,12.15012475,0.501400733,1.77955588e-05,0.0001625503215,0.0,4e-08,24.0,24.0,0.0,0.0,,
null-no405,null,rest,100000,16,ok 16,True,,3.8477183249999998,29.0048948,0.000250033743,12.15093715,0.5016280885,2.2630668e-05,0.00017382377,0.0,4e-08,24.0,24.0,0.0,0.0,,
oatpp,competitor,rest,100000,16,ok 16,True,,3475505.765,8050323.85,6007.86616,10953226.600000001,318876.1575,213372.5095,12150.93175,3034.63636,0.07283802449999999,117729424.0,94295272.0,3391900.3499999996,7432363.17,8050294.845103251,
path-tree,competitor,rest,100000,16,ok 16,True,,549.8219604999999,1991.405215,14.047058100000001,1734.3596400000001,86.1577058,63.2545166,35.52483625,0.0,0.105015613,103334348.0,90070504.0,541.0265440000001,1598.02981,1962.40032065,
pistache,competitor,rest,100000,16,ok 16,True,,1594.90979,14397.60425,11.9515381,5008.38867,28.129821800000002,14.70594785,7.561706545,9.39074707,0.1766049515,132634716.0,79979960.0,1542.9263649999998,2449.642885,14368.59935525,
r3,competitor,rest,100000,16,ok 16,True,,1017.77014,5854.302610000001,10.79699705,3208.9919449999998,113.55102500000001,61.6218066,54.9071045,2.0,0.24079180249999999,275788844.0,235243996.0,1011.91831,2129.0317999999997,5825.297713350001,
radix,reference,rest,100000,16,ok 16,True,,353.601471,1448.194825,15.2395325,1116.1333599999998,44.16131595,25.3405726,3.975336565,0.0,0.0720254565,51630024.0,10320680.0,355.6742035,1092.0706,1419.1899303,
regexmatcher-v2,under test (H1 to H4),rest,100000,16,ok 16,True,,84.2132621,625.1462325,2.36010024,265.6709065,5.85476411,2.985646055,0.7235094045,0.0,0.149515879,78249308.0,18599480.0,90.1709376,440.835695,596.14133775,
regexmatcher-v2-ct,under test (H7),rest,100000,16,refused 16,False,refused: regexmatcher-v2-ct: no compile-time table in bench/gen holds these routes (generated for m <= 1000 and the table seeds of rbench's kTableSeeds),,,,,,,,,,,,,,,
regexmatcher-v2-r1,ablation (exploratory),rest,100000,16,ok 16,True,,84.0422076,625.1462245,2.36246715,265.26714749999996,5.82830107,2.94425338,0.633732266,0.0,0.197659356,346686460.0,21090992.0,90.17094035,440.8355385,596.1413297500001,
uwebsockets,competitor,rest,100000,16,ok 16,True,,7821.137570000001,30200.17175,246.89343250000002,24665.4209,2285.581055,1924.71228,1242.9816500000002,0.0,1.13298335,51775056.0,28710544.0,7464.1480950000005,17638.45345,30171.166853249997,
actix-router,competitor,static,10,16,ok 16,True,,82.56270825,638.3624435,1.892658545,260.622458,1.0656832500000002,0.004455975165,0.01730940495,0.0,2.0784999999999997e-06,6552.0,4208.0,80.15202590000001,155.2942505,609.3575471,
boost-url,competitor,static,10,16,ok 16,True,,247.76923,2742.36201,1.4129150400000001,781.8340450000001,1.137396415,0.012127012900000001,0.0187639509,0.0,7.975e-06,12760.0,7368.0,240.45595550000002,300.5697995,2713.35711525,
chi,competitor,static,10,16,ok 16,True,,101.8267335,1054.75363,1.44265512,320.4378415,1.091290915,0.00894886119,0.00588510405,0.0,1.2413e-05,404.0,6056.0,170.32270549999998,190.3614015,1008.6112861499998,45.92090605
cpp-httplib,competitor,static,10,16,ok 16,True,,59.770095850000004,553.8280435,1.11626325,188.7373965,1.018520735,0.0061396198150000005,0.0170339791,0.0,2.725e-06,4720.0,3568.0,50.09503585,100.1896895,524.8231488,
crow,competitor,static,10,16,ok 16,True,,199.353353,2278.251045,2.195251465,629.1666435,1.130062285,0.008769332385,0.018230377649999997,0.0,1.37755e-05,20644.0,2356.0,180.342224,255.48464099999998,2249.2461482999997,
drogon,competitor,static,10,16,ok 16,True,,119.87794099999999,888.8010895,1.1288330050000002,378.165656,1.07042419,0.00787885558,0.01783221255,0.907104492,3.4835e-05,48640.0,21360.0,110.2088245,140.265792,859.79619285,
gin,competitor,static,10,16,ok 16,True,,36.733053999999996,371.496331,1.0648943549999998,115.677675,0.975684876,0.002420794865,0.00759787059,0.0,1.033e-05,436.0,2788.0,100.1900215,120.228026,325.353988,46.08011625
glaze,competitor,static,10,16,ok 16,True,,58.6814009,540.3962795,1.101907485,185.31993599999998,1.07943623,0.007649038285,0.018271088249999998,0.907104492,4.443e-06,10104.0,9032.0,60.11380255,80.151961,511.3913827,
hash,reference,static,10,16,ok 16,True,,24.8741614,227.925116,0.6222556785,78.5391262,1.0109925400000002,0.004153089455,0.016644045500000003,0.0,1.192e-06,1728.0,1340.0,30.05698565,50.095019449999995,198.92021925,
httprouter,competitor,static,10,16,ok 16,True,,38.088251,418.666748,1.04697503,119.7129995,0.9760122515,0.003362682625,0.013720407149999999,0.0,9.9435e-06,404.0,2264.0,100.1898015,120.22742600000001,372.52440409999997,45.7910156
matchit,competitor,static,10,16,ok 16,True,,34.61578,281.79575450000004,1.1278349250000002,109.101737,1.045371195,0.00500454089,0.0170936234,0.0,3.642e-06,6800.0,4088.0,40.075952650000005,60.1138148,252.79085780000003,
nethttp,competitor,static,10,16,ok 16,True,,200.1039545,2514.2864250000002,1.2023664200000002,629.451175,2.302682055,0.0897329442,0.01878675665,0.0,3.983e-05,564.0,10272.0,320.60775850000005,360.684257,2436.14407365,45.9386139
null,null,static,10,16,ok 16,True,,4.472343915,29.0048966,0.00025115144849999996,14.12416595,0.5014445825,1.8513501349999998e-05,0.00015397047500000002,0.0,4e-08,24.0,24.0,0.0,0.0,,
null-no405,null,static,10,16,ok 16,True,,3.849551055,29.0048948,0.00025072429600000003,12.156997950000001,0.5016320395,1.2569296499999999e-05,0.00015900253199999998,0.0,4e-08,24.0,24.0,0.0,0.0,,
oatpp,competitor,static,10,16,ok 16,True,,135.140914,1286.46168,1.2496771899999999,426.7149525,1.27139919,0.010017991815,0.0226007272,0.0,5.871e-06,8464.0,6704.0,130.2468345,200.3796255,1257.45678335,
path-tree,competitor,static,10,16,ok 16,True,,51.4273913,463.61294050000004,1.2902238449999999,162.15717899999999,1.061975495,0.00391436573,0.017139177499999998,0.0,2.8755e-06,6972.0,5448.0,50.09499435,80.15182355,434.6080438,
pistache,competitor,static,10,16,ok 16,True,,970.0637205,10350.125250000001,4.379272459999999,3056.8188499999997,1.930445405,0.0249680739,0.22459450749999998,6.8166503899999995,1.5404e-05,18488.0,13368.0,971.8438934999999,1192.257445,10321.120353350001,
r3,competitor,static,10,16,ok 16,True,,63.02939565,614.8134024999999,1.343595955,198.72011750000001,1.1264717599999998,0.007322478,0.017488447650000002,2.0,3.948e-06,13964.0,12892.0,60.1139299,80.1520017,585.80850405,
radix,reference,static,10,16,ok 16,True,,83.11418455,781.7287925,1.797522155,262.461435,1.029736365,0.00358506034,0.01689431215,0.0,4.093e-06,12544.0,2488.0,80.1519787,110.2088385,752.7238957,
regexmatcher-v1,reference,static,10,3,ok 3,True,,215.824219,2260.66785,1.32047526,681.295329,4.62958488,0.0149298199,0.024013832,4,0.000117311,137840,62600,200.381178,260.493253,2231.6629512,
regexmatcher-v2,under test (H1 to H4),static,10,16,ok 16,True,,19.71131725,243.238824,0.4196800675,62.244237749999996,0.992625459,0.001593044837,0.01652282235,0.0,3.9975e-06,6300.0,2104.0,20.0379875,30.0569871,214.23392955,
regexmatcher-v2-ct,under test (H7),static,10,16,ok 16,True,,19.7671292,243.2388245,0.4274065905,62.38503815,0.994450587,0.002457707515,0.0166036534,0.0,3.832e-06,2888.0,640.0,20.037970700000002,30.05699885,214.23393005,
regexmatcher-v2-r1,ablation (exploratory),static,10,16,ok 16,True,,19.8744087,243.2388225,0.4260967275,62.706395,1.00252288,0.0038664961550000003,0.016619438,0.0,5.1045e-06,37068.0,2096.0,20.0379913,30.057017899999998,214.23392805,
std-regex,reference,static,10,3,ok 3,True,,883.604736,9009.66125,3.73095703,2788.48193,7.02368164,0.0318885216,0.069129357,23.0175781,2.2964e-05,39648,17568,911.721668,1422.69509,8980.656355199999,
uwebsockets,competitor,static,10,16,ok 16,True,,65.75340685,643.204767,1.5026046499999999,207.564441,1.079957785,0.00530209535,0.018477355950000003,0.0,5.7609999999999996e-06,10112.0,7600.0,60.1139531,90.1708888,614.19987025,
actix-router,competitor,static,100,16,ok 16,True,,645.2233275000001,4850.418275,16.71014405,2037.791995,6.86066284,0.01733237815,0.050519120050000005,0.0,2.3012999999999998e-05,57984.0,34224.0,626.1883740000001,1362.58477,4821.41337655,
boost-url,competitor,static,100,16,ok 16,True,,410.354533,4751.746375,3.41280111,1295.603435,7.18460969,0.022179388199999997,0.06375469905,0.0,8.4429e-05,94012.0,47472.0,405.76959,500.94881699999996,4722.741476249999,
chi,competitor,static,100,16,ok 16,True,,144.7781305,1356.62889,2.746783445,455.4335395,12.247386800000001,0.0939582376,0.01692035795,0.0,7.941449999999999e-05,3916.0,56272.0,210.3989655,260.493787,1310.486546,45.79990385
cpp-httplib,competitor,static,100,16,ok 16,True,,426.056193,4025.043375,4.782796225,1345.63619,9.569171775000001,0.0246750404,0.35138149949999997,0.0,3.1474000000000004e-05,36428.0,26240.0,420.7933655,821.5494935,3996.0384783500003,
crow,competitor,static,100,16,ok 16,True,,365.106079,3870.739805,5.82131958,1152.53342,5.250638885000001,0.02689834725,0.1813860215,0.0,0.0001182115,157008.0,16032.0,350.664873,480.910161,3841.73490615,
drogon,competitor,static,100,16,ok 16,True,,132.67742149999998,957.6178955,1.41841375,418.57224,4.297827095000001,0.02119822685,1.08543119,0.946411133,0.0003616445,499560.0,219560.0,130.24666150000002,170.3226955,928.6129966999999,
gin,competitor,static,100,16,ok 16,True,,59.0303999,524.8537014999999,2.160240205,185.7588985,4.995459705,0.01490174775,0.0148936364,0.0,6.29885e-05,3948.0,24676.0,130.24684100000002,160.30388349999998,478.71135835,45.80661775
glaze,competitor,static,100,16,ok 16,True,,91.3965753,769.627277,1.65092018,288.5568205,6.6220555,0.02515243325,2.35343415,0.946411133,5.43515e-05,97176.0,85544.0,90.1708907,130.24684200000002,740.62238035,
hash,reference,static,100,16,ok 16,True,,27.34526575,229.8679925,0.8769009735,86.2726581,1.6029218699999999,0.01036279435,0.039828270299999996,0.0,1.5654499999999997e-05,14512.0,9804.0,30.0569813,70.13296165,200.86309365,
httprouter,competitor,static,100,16,ok 16,True,,59.83557825,587.2036805,2.120453485,188.106511,3.198310295,0.008299057544999999,0.0140830379,0.0,5.5568999999999996e-05,3916.0,18968.0,120.2280205,150.28502550000002,541.0613365,45.6887512
matchit,competitor,static,100,16,ok 16,True,,56.76890935,395.46342100000004,2.294013455,179.19607150000002,3.769866665,0.01352418965,0.122150172,0.0,5.1452e-05,59932.0,36904.0,60.113883200000004,85.1606835,366.4585267,
nethttp,competitor,static,100,16,ok 16,True,,218.815531,2544.68412,2.9060872399999997,686.7085159999999,10.03650125,0.1929045027,0.015293933999999999,0.0,0.00029263,4848.0,86224.0,340.645924,430.8163285,2466.54176885,45.82088469999999
null,null,static,100,16,ok 16,True,,3.86637395,29.0048948,0.0002505636985,12.2122838,0.501392245,1.0948238749999999e-05,0.0001565242455,0.0,4e-08,24.0,24.0,0.0,0.0,,
null-no405,null,static,100,16,ok 16,True,,5.119653165000001,29.00489845,0.0002526343285,16.165518499999997,0.5017064625000001,6.591486145e-06,0.00011460189299999999,0.0,4e-08,24.0,24.0,0.0,0.0,,
oatpp,competitor,static,100,16,ok 16,True,,879.7732545,7720.53168,9.12084961,2776.90924,190.3954385,0.102726237,69.59750335,0.0,5.56095e-05,79260.0,62736.0,866.639013,1743.296895,7691.5267857,
path-tree,competitor,static,100,16,ok 16,True,,85.60805665000001,700.2926105,2.74195862,270.33303850000004,4.900141035,0.01947597395,0.8109424085,0.0,3.88835e-05,61280.0,49384.0,80.1521165,120.228175,671.2877137,
pistache,competitor,static,100,16,ok 16,True,,985.1875,10268.6158,5.450195315,3111.947875,10.51341835,0.08557128905,2.37042706,6.885253905,0.00015573250000000001,144836.0,93248.0,991.880832,1242.3573299999998,10239.610903149998,
r3,competitor,static,100,16,ok 16,True,,121.83128400000001,975.9395509999999,2.574770285,384.36800700000003,14.001004349999999,0.0534643308,1.9530782150000001,2.0,5.82945e-05,148160.0,130612.0,110.208854,160.303788,946.93465425,
radix,reference,static,100,16,ok 16,True,,117.816395,915.7974965000001,3.5217405399999997,371.932546,1.490455605,0.00651762252,0.017429051100000002,0.0,4.1163e-05,102080.0,17816.0,110.209165,150.285015,886.79260175,
regexmatcher-v1,reference,static,100,3,ok 3,True,,274.21875,2758.1397,2.71669922,865.570068,19.1833279,0.0632768111,4.48101671,4,0.001042831,1145048,464736,270.512542,340.645853,2729.1348053,
regexmatcher-v2,under test (H1 to H4),static,100,16,ok 16,True,,20.23243845,243.51421399999998,0.45310132550000004,63.85256405,1.08968883,0.003563573665,0.016862631250000003,0.0,4.1859e-05,51432.0,13896.0,20.03798175,40.07596345,214.50931765,
regexmatcher-v2-ct,under test (H7),static,100,16,ok 16,True,,20.03164795,243.514215,0.4415494715,63.2600899,1.016789175,0.00318946274,0.016905332949999997,0.0,2.24325e-05,22808.0,4000.0,20.0379907,40.0759814,214.50931865,
regexmatcher-v2-r1,ablation (exploratory),static,100,16,ok 16,True,,20.0889025,243.51421299999998,0.4426981995,63.444116699999995,1.098107675,0.001502402645,0.01684548935,0.0,5.50535e-05,317508.0,14752.0,20.03798635,40.07599275,214.50931665000002,
std-regex,reference,static,100,3,ok 3,True,,6519.08765,65686.0173,49.5563965,20588.8718,389.13444,2.04931641,49.5310872,203.319336,0.000230403,408104,180112,6482.28211,12653.9757,65657.0124053,
uwebsockets,competitor,static,100,16,ok 16,True,,99.39677545,847.8703800000001,2.941458565,313.709544,5.8587250950000005,0.01949075045,1.90898437,0.0,6.3289e-05,58832.0,35480.0,100.18983399999999,160.3037,818.86548365,
actix-router,competitor,static,1000,16,ok 16,True,,6373.622925,47108.2288,173.581665,20125.083250000003,1609.8901799999999,4.3011067700000005,198.90873249999999,0.0,0.000242496,501360.0,299000.0,6276.90092,13946.47465,47079.22390325,
boost-url,competitor,static,1000,16,ok 16,True,,699.868164,7161.179565,15.38085935,2208.924315,57.7929009,1.20533583,16.9265069,0.0,0.001180675,787860.0,386140.0,691.3116745,946.7866875,7132.17466815,
chi,competitor,static,1000,16,ok 16,True,,209.1631875,1537.79938,4.607584635,657.5281170000001,32.717783749999995,3.25020433,0.193738321,0.0,0.0008198745,38652.0,553644.0,270.5125475,450.8539465,1491.6570362000002,45.73897555
cpp-httplib,competitor,static,1000,16,ok 16,True,,4114.378909999999,38724.6581,37.55944825,12992.84815,1465.7716500000001,4.184895835000001,266.231649,0.0,0.00031367,327484.0,239336.0,4137.838725,8230.59709,38695.65320125,
crow,competitor,static,1000,16,ok 16,True,,522.5112305,5024.86255,12.4811198,1647.943015,36.7799581,0.9183044435,4.09455363,0.0,0.001051089,1354528.0,145080.0,520.9867155,741.4047344999999,4995.85765165,
drogon,competitor,static,1000,16,ok 16,True,,145.54220800000002,962.0181035,1.534059315,459.462183,9.516538495,0.899829802,1.98019792,0.94909668,0.0036562275,4977640.0,2174920.0,140.26588199999998,210.3986855,933.01320525,
gin,competitor,static,1000,16,ok 16,True,,84.05456365,631.7524820000001,3.33074951,263.956639,14.6107745,0.2696006055,0.01115583692,0.0,0.0006524174999999999,38684.0,239676.0,160.303782,240.45556549999998,585.6101388000001,45.8427277
glaze,competitor,static,1000,16,ok 16,True,,88.09382095000001,617.0013355000001,1.727022445,278.016002,10.270592449999999,1.40543191,2.36733694,0.94909668,0.0005189565000000001,942736.0,835000.0,90.17085705,160.3037455,587.996441,
hash,reference,static,1000,16,ok 16,True,,36.300383749999995,236.8710695,1.036661405,114.322903,5.49864166,0.0897574263,2.107693275,0.0,0.0002111275,140148.0,93268.0,50.09496145,110.208839,207.866175,
httprouter,competitor,static,1000,16,ok 16,True,,83.1995408,709.1478505,3.358181105,261.033943,12.1140023,0.119959275,0.0113882467,0.0,0.0005412275,38652.0,184380.0,140.265923,200.379993,663.00550635,45.87776185
matchit,competitor,static,1000,16,ok 16,True,,82.86095665,468.82973100000004,3.454947915,261.4153715,15.3483457,0.8694287835,4.047469855,0.0,0.0005740294999999999,612700.0,366496.0,90.17077689999999,165.3130885,439.8248325,
nethttp,competitor,static,1000,16,ok 16,True,,259.357764,2625.787845,5.364746095,814.5610595,16.85924275,3.753102735,0.01253255205,0.0,0.0025564755,48480.0,735760.0,410.778794,681.2909935,2547.64549355,45.821487399999995
null,null,static,1000,16,ok 16,True,,3.848241495,29.0048948,0.000250775077,12.15133385,0.501530099,1.36259364e-05,0.0001687081015,0.0,4e-08,24.0,24.0,0.0,0.0,,
null-no405,null,static,1000,16,ok 16,True,,5.094227365,29.00489825,0.0002519072975,16.0911951,0.5014984044999999,2.3201950800000002e-05,0.00013620137499999998,0.0,4e-08,24.0,24.0,0.0,0.0,,
oatpp,competitor,static,1000,16,ok 16,True,,8873.80115,72066.23805,70.3359375,27936.22205,3194.855265,239.886149,455.156901,0.0,0.000512013,764580.0,609096.0,8886.84391,18710.4629,72037.2331533,
path-tree,competitor,static,1000,16,ok 16,True,,133.39742999999999,855.20035,4.5136352550000005,420.896838,25.98924385,0.9025255285,8.34430391,0.0,0.00041474549999999995,592968.0,471944.0,130.2469945,220.417767,826.1954515499999,
pistache,competitor,static,1000,16,ok 16,True,,1056.57788,10446.88705,6.764404295,3333.099125,18.307708750000003,4.5460612000000005,5.74398804,6.8719482450000005,0.0015633654999999999,1328944.0,809192.0,1041.975705,1362.58016,10417.88215165,
r3,competitor,static,1000,16,ok 16,True,,177.194109,1059.8650499999999,3.7290169850000003,559.117937,39.64922435,8.36561434,17.55733345,2.0,0.0006608104999999999,1509988.0,1276320.0,170.32308799999998,350.6649135,1030.8601515,
radix,reference,static,1000,16,ok 16,True,,160.7054035,1044.4928300000001,6.420906915,507.213394,13.847615,0.0481194831,0.02396987845,0.0,0.00047768850000000005,846544.0,147008.0,160.30379349999998,220.4178455,1015.4879333,
regexmatcher-v1,reference,static,1000,3,ok 3,True,,365.237793,3058.24845,5.29720052,1151.90155,39.570024,8.05060173,9.64620433,4,0.01599727,10708392,3964824,360.683885,581.102246,3029.2435514,
regexmatcher-v2,under test (H1 to H4),static,1000,16,ok 16,True,,21.4497945,245.2828945,0.500440011,67.6819859,2.9186893950000004,0.008184206165,0.01717700745,0.0,0.00057833,468972.0,112344.0,20.03797515,50.094937900000005,216.27799564999998,
regexmatcher-v2-ct,under test (H7),static,1000,16,ok 16,True,,21.5244027,245.2828945,0.4962912695,67.94910185,1.0443743699999999,0.0072695108349999996,0.01724671355,0.0,0.0002124495,208836.0,30880.0,20.0380047,50.0950117,216.27799565,
regexmatcher-v2-r1,ablation (exploratory),static,1000,16,ok 16,True,,21.456721899999998,245.2828945,0.49674306999999995,67.71279085,2.93847714,0.00776696646,0.0173045617,0.0,0.001463398,2739724.0,125048.0,20.03797625,50.094940550000004,216.27799565,
std-regex,reference,static,1000,3,ok 3,True,,64247.9781,631469.621,664.12529,202578.866,4161.00473,598.724585,247.872526,2004.62399,0.002409172,4053720,1792784,64011.0972,127281.487,631440.6161053,
uwebsockets,competitor,static,1000,16,ok 16,True,,171.046825,1155.324555,5.7717285149999995,539.5256935,31.785521199999998,1.1292243599999998,19.603035849999998,0.0,0.00070235,506192.0,285472.0,170.32271400000002,330.626796,1126.3196566499998,
actix-router,competitor,static,10000,16,ok 16,True,,68262.5631,469377.602,1630.333345,215233.155,17888.13325,7633.640545,970.955873,0.0,0.0021321255,6888692.0,3879864.0,67853.6813,146472.523,469348.59710340004,
boost-url,competitor,static,10000,16,ok 16,True,,3067.496705,28352.838750000003,52.72619625,9676.986695,760.781647,330.46829249999996,184.690045,0.0,0.014000529500000001,11805948.0,5612000.0,3050.7873250000002,4182.929905,28323.833853,
chi,competitor,static,10000,16,ok 16,True,,342.071289,1741.40509,7.21029663,1074.268435,51.4135478,25.9399777,0.0031639305349999997,0.0,0.0103351545,386892.0,5465348.0,400.75957600000004,1367.58941,1695.2627459999999,45.716316199999994
cpp-httplib,competitor,static,10000,16,ok 16,True,,43137.4807,385570.69149999996,373.142456,135997.7525,18953.78965,12844.8707,1144.931155,0.0,0.00301719,3812320.0,2636456.0,42991.44815,86238.48329999999,385541.68660134997,
crow,competitor,static,10000,16,ok 16,True,,664.07959,5984.62219,13.60302735,2094.18274,63.37012365,11.618816200000001,5.47282972,0.0,0.0103072515,12630084.0,1545724.0,651.22777,1062.0095649999998,5955.6172909,
drogon,competitor,static,10000,16,ok 16,True,,183.931536,962.929339,1.566702705,580.0038365,10.3177108,7.59641098,3.107308915,0.9459228515,0.0371024125,49717652.0,21722708.0,180.34175399999998,781.4806510000001,933.9244425500001,
gin,competitor,static,10000,16,ok 16,True,,166.215332,748.059753,5.25660197,521.8806,22.82826075,11.2159482,0.000759538568,0.0,0.0061823780000000005,386924.0,2343928.0,240.4557705,941.7833925,701.91741015,46.1110611
glaze,competitor,static,10000,16,ok 16,True,,142.3968875,767.9208715,1.83724365,449.340576,12.3026142,8.220477435,4.713002775,0.9459228515,0.005345286499999999,9693912.0,8479624.0,150.28472399999998,791.4979285,738.9159731499999,
hash,reference,static,10000,16,ok 16,True,,54.12045685,239.4806175,1.104541795,170.7753965,6.4451925899999996,3.318045785,2.783031665,0.0,0.0023192205,1386340.0,922692.0,80.15185679999999,581.1011065,210.47572050000002,
httprouter,competitor,static,10000,16,ok 16,True,,153.6837835,839.928345,5.287323000000001,483.644443,20.714239499999998,8.735808665,0.30371704104999997,0.0,0.0053823610000000004,386892.0,1805312.0,210.398799,821.5567665,793.7860008,45.749198899999996
matchit,competitor,static,10000,16,ok 16,True,,140.7438855,547.5513105,4.901696775,443.625803,27.2191873,13.36646705,10.39113855,0.0,0.0063956594999999995,5870320.0,3437140.0,150.284721,611.1542855,518.54641395,
nethttp,competitor,static,10000,16,ok 16,True,,303.86523450000004,2627.64228,5.891473385,955.851776,17.364946699999997,10.46329955,6.789437645,0.0,0.0351538635,486780.0,6443832.0,450.85443599999996,1312.4781349999998,2549.49992875,46.099601750000005
null,null,static,10000,16,ok 16,True,,5.093642215,29.004898249999997,0.000252074873,16.088892299999998,0.50155683,6.19218641e-06,0.000121974313,0.0,4e-08,24.0,24.0,0.0,0.0,,
null-no405,null,static,10000,16,ok 16,True,,5.126593905,29.0048985,0.0002519072975,16.19249065,0.5016211104999999,1.72713417e-05,0.00013241497299999998,0.0,4e-08,24.0,24.0,0.0,0.0,,
oatpp,competitor,static,10000,16,ok 16,True,,106219.713,713637.96,638.4183735,334824.4535,33743.867,22985.8713,1590.84782,0.0,0.0049049275,8037412.0,6285728.0,107488.80900000001,217787.903,713608.95510135,
path-tree,competitor,static,10000,16,ok 16,True,,232.46274799999998,1052.980505,6.693644205,733.6128495,46.0054494,18.494517549999998,20.393034450000002,0.0,0.004659694000000001,6232524.0,4770432.0,230.43717650000002,821.5575715,1023.97560665,
pistache,competitor,static,10000,16,ok 16,True,,1095.53064,10451.571899999999,7.1395263700000005,3454.257205,19.39283245,10.43362705,6.52549235,6.8669433600000005,0.0147913655,13113204.0,7875884.0,1092.0719100000001,1873.551015,10422.56700355,
r3,competitor,static,10000,16,ok 16,True,,261.8749145,893.6894045,5.430818685,826.2075195,57.7670431,22.63979455,29.40571495,2.0,0.0077602745,15662148.0,12514704.0,260.494635,1036.9674949999999,864.68450995,
radix,reference,static,10000,16,ok 16,True,,276.07270500000004,1200.1305149999998,11.3234009,871.1684325,33.61597295,9.409157985,6.964887095,0.0,0.007290972,8181736.0,1887912.0,280.531807,766.4475170000001,1171.12561655,
regexmatcher-v1,reference,static,10000,3,ok 3,True,,523.891195,3395.67806,8.74682617,1652.80135,58.3283203,26.660258,12.6970723,4,0.838062349,104781280,36394976,520.987048,1422.69544,3366.6731605,
regexmatcher-v2,under test (H1 to H4),static,10000,16,ok 16,True,,27.50622325,243.01118150000002,0.41367474699999995,86.75257020000001,3.7115788,1.160520355,1.443631085,0.0,0.0090343275,5715912.0,1663304.0,40.07596745,360.6828205,214.00628475000002,
regexmatcher-v2-ct,under test (H7),static,10000,16,refused 16,False,refused: regexmatcher-v2-ct: no compile-time table in bench/gen holds these routes (generated for m <= 1000 and the table seeds of rbench's kTableSeeds),,,,,,,,,,,,,,,
regexmatcher-v2-r1,ablation (exploratory),static,10000,16,ok 16,True,,27.51374,243.01118350000002,0.412954477,86.81088885,3.7261734349999998,1.192255475,1.44251335,0.0,0.0162907245,37962272.0,1764104.0,40.0759917,340.645778,214.00628675000002,
std-regex,reference,static,10000,3,ok 3,True,,654530.405,6172306.72,6828.90463,2063820.92,44998.464,19432.0441,2999.30631,19652.139,0.024022666,40865568,18083248,636866.537,1306044.29,6172277.7151018,
uwebsockets,competitor,static,10000,16,ok 16,True,,700.8076785,3631.5455300000003,27.300109900000002,2211.899475,246.60535349999998,101.27869340000001,151.7665815,0.0,0.014448554499999999,5432536.0,2999992.0,691.3081065,1477.80217,3602.5406334500003,
actix-router,competitor,static,100000,16,ok 16,True,,1032168.995,4675512.805,15713.358,3253218.34,177247.357,29765.46955,13917.85735,0.0,0.0282417305,58223520.0,33381408.0,1029892.27,2277247.74,4675483.80010345,
boost-url,competitor,static,100000,16,ok 16,True,,19653.1909,172294.9515,267.225708,61968.69605,5736.141395000001,3799.0604249999997,6.55147298,0.0,0.4608710795,95967892.0,45764068.0,19401.797700000003,28423.88145,172265.94660579998,
chi,competitor,static,100000,16,ok 16,True,,492.95920850000005,1967.58142,9.705973305,1548.258645,71.9410669,46.71761495,0.600269494,0.0,0.188595818,3867864.0,56501408.0,551.0437609999999,1803.418925,1921.4390758,45.94953915000001
cpp-httplib,competitor,static,100000,16,ok 16,True,,644767.3335,3843230.33,3933.202025,2029840.565,179347.35749999998,7881.921184999999,5397.918229999999,0.0,0.0347548105,34859720.0,24698040.0,595544.819,1468119.28,3843201.3251056,
crow,competitor,static,100000,16,ok 16,True,,908.079163,7277.23572,23.46154785,2865.204835,95.71378,23.597007,7.6776558999999995,0.0,0.13847119349999998,104153632.0,14533324.0,901.7097584999999,1618.06543,7248.23082325,
drogon,competitor,static,100000,16,ok 16,True,,223.499959,958.572856,1.3795572900000002,705.1093955,9.743235434999999,9.4586524,3.90503534,0.9436035155,0.40135366100000003,498548616.0,217866436.0,210.3988025,861.633834,929.56795735,
gin,competitor,static,100000,16,ok 16,True,,253.3860595,874.3994875000001,7.243994145,795.9843344999999,32.113473600000006,21.21737615,0.9966328935000001,0.0,0.113379886,3867896.0,24835300.0,330.626087,1547.93506,828.2571443500001,45.793823200000006
glaze,competitor,static,100000,16,ok 16,True,,183.224086,765.20447,1.6417933850000002,577.914919,12.086318299999999,10.47756095,5.03773066,0.9436035155,0.099296155,97602912.0,85107176.0,190.3605955,1117.116535,736.19957335,
hash,reference,static,100000,16,ok 16,True,,66.26418455,219.9569645,0.8503460245000001,208.60742299999998,6.26270125,5.27486905,3.74441446,0.0,0.0353153255,14990896.0,9780240.0,100.189989,826.5668805,190.95206589999998,
httprouter,competitor,static,100000,16,ok 16,True,,240.668534,981.5868405,7.276855469999999,756.450989,29.295306150000002,18.677418199999998,1.0835345250000001,0.0,0.098434465,3867864.0,19076820.0,290.5510745,1317.498225,935.44449665,46.0806732
matchit,competitor,static,100000,16,ok 16,True,,243.96948650000002,638.192464,6.686572265000001,769.5654784999999,40.992743250000004,29.4118389,17.26320975,0.0,0.0985987835,64432124.0,39689304.0,260.493012,1142.16375,609.1875694,
nethttp,competitor,static,100000,16,ok 16,True,,321.7759095,2629.61075,6.434977215,1011.211425,18.45641125,11.15615975,1.6498362850000001,0.0,0.461436627,4862616.0,53073716.0,450.85481849999996,1512.8680650000001,2551.46839885,45.668968199999995
null,null,static,100000,16,ok 16,True,,5.08727144,29.00489815,0.0002515293025,16.0709136,0.501738173,1.339137575e-05,0.0001424457975,0.0,4e-08,24.0,24.0,0.0,0.0,,
null-no405,null,static,100000,16,ok 16,True,,5.09266665,29.004898249999997,0.0002515307825,16.0875075,0.501718214,2.152269425e-05,0.000142979201,0.0,4e-08,24.0,24.0,0.0,0.0,,
oatpp,competitor,static,100000,16,ok 16,True,,2487366.12,7040101.995,5964.413205,7837303.515000001,364188.21849999996,169542.1435,8503.154485,0.0,0.0486799625,78254368.0,61795704.0,2458095.325,5468724.725,7040072.99010345,
path-tree,competitor,static,100000,16,ok 16,True,,436.71223999999995,1242.12565,9.20397949,1377.7769349999999,74.2335238,52.8080297,34.91269795,0.0,0.0880821225,62776044.0,50088668.0,440.835684,1407.6709099999998,1213.12075385,
pistache,competitor,static,100000,16,ok 16,True,,1172.10486,10448.07935,7.95605469,3699.527465,21.7340421,16.103493399999998,8.549948950000001,6.8602294950000005,0.17154187450000002,119183964.0,67531428.0,1172.2193900000002,2259.279905,10419.0744533,
r3,competitor,static,100000,16,ok 16,True,,463.69315600000004,985.1032715,7.528605145,1457.063925,86.92722515,52.1017332,49.782552100000004,2.0,0.13571434799999998,169234672.0,132597284.0,480.91193250000003,1763.3404249999999,956.09837305,
radix,reference,static,100000,16,ok 16,True,,379.345662,1358.2909450000002,15.7149658,1196.540935,45.68065595,28.0183586,5.352285675,0.0,0.0885483485,66624588.0,15557992.0,380.722273,1242.35708,1329.2860483499999,
regexmatcher-v2,under test (H1 to H4),static,100000,16,ok 16,True,,31.170074,243.764977,0.43327840149999997,98.3927068,3.8944637049999997,2.60420906,0.7855279374999999,0.0,0.1383914285,49832476.0,13709640.0,50.0949624,420.7968265,214.76008065000002,
regexmatcher-v2-ct,under test (H7),static,100000,16,refused 16,False,refused: regexmatcher-v2-ct: no compile-time table in bench/gen holds these routes (generated for m <= 1000 and the table seeds of rbench's kTableSeeds),,,,,,,,,,,,,,,
regexmatcher-v2-r1,ablation (exploratory),static,100000,16,ok 16,True,,30.95025635,243.7649775,0.4355634365,97.69044595,3.9417939000000004,2.6381044449999997,0.47233663049999997,0.0,0.20032137649999998,321482340.0,14077112.0,50.09496595,415.78813,214.76008115000002,
uwebsockets,competitor,static,100000,16,ok 16,True,,4525.5423599999995,19418.76505,158.845337,14279.288700000001,1493.556805,1202.881835,784.873779,0.0,0.6960683325,48687988.0,25434672.0,4278.113305000001,10239.411,19389.7601515,
actix-router,competitor,wild,10,16,ok 16,True,,626.3223270000001,6558.1134,3.626953125,1977.87579,41.2160028,0.077747867,27.11427,5.49951172,0.00038416700000000004,4042808.0,177736.0,621.1782825,1031.95432,6529.10850195,
boost-url,competitor,wild,10,16,ok 16,True,,336.90643350000005,3144.145325,5.914886474999999,1064.03705,1.2508643899999998,0.0143614073,0.023044895500000002,0.0,8.816e-06,12712.0,7352.0,330.626946,420.7979315,3115.1404284,
chi,competitor,wild,10,16,ok 16,True,,116.41499200000001,1258.9123749999999,1.46329475,365.9265535,1.52533242,0.042412040299999995,0.0174023502,0.0,1.4361999999999999e-05,264.0,7840.0,190.36080900000002,220.417664,1212.77003135,45.912475549999996
cpp-httplib,competitor,wild,10,16,ok 16,True,,1443.67993,14437.698250000001,7.3348388700000005,4558.489745,14.6316037,0.0491265191,0.06616210935,26.2315674,2.08695e-05,41736.0,19376.0,1427.70872,2449.64899,14408.69335375,
crow,competitor,wild,10,16,ok 16,True,,532.970947,4865.9953000000005,5.269226075000001,1682.78845,1.4693044,0.01689453125,0.0260898756,13.81604005,9.112e-06,14400.0,3040.0,520.986906,691.3113105,4836.99040555,
drogon,competitor,wild,10,16,ok 16,True,,1964.5347900000002,17721.165999999997,8.987426755000001,6204.013795000001,23.27603585,0.268484933,0.09865025115,29.705566400000002,2.17405e-05,46416.0,21664.0,1923.64487,3266.20558,17692.16110345,
gin,competitor,wild,10,16,ok 16,True,,46.223170100000004,509.04385049999996,1.1318460099999998,145.337667,1.2107503,0.00934909264,0.0136225028,0.0,1.1336000000000001e-05,356.0,5188.0,120.2280545,150.2848115,462.90150725,46.01628875
glaze,competitor,wild,10,16,ok 16,True,,513.7543335,3810.34587,11.0974121,1621.5165000000002,2.4254659050000003,0.0363413493,0.034550984699999995,7.204223635,1.1266e-05,21152.0,18916.0,480.91173100000003,711.348293,3781.3409712499997,
hash,reference,wild,10,16,refused 16,False,refused: hash: an exact-match table holds literal routes only,,,,,,,,,,,,,,,
httprouter,competitor,wild,10,16,ok 16,True,,74.0146152,884.6022505,1.22475286,231.3203605,2.603858455,0.16220147000000001,0.049557922850000005,1.0,1.1215999999999999e-05,324.0,4008.0,120.2280815,210.39864599999999,838.4599068499999,46.072052
matchit,competitor,wild,10,16,ok 16,True,,71.8793188,551.9239095,2.454951415,226.489192,1.21307152,0.009523964530000002,0.0211699417,0.0,4.263e-06,12424.0,9832.0,70.13292125,90.17114699999999,522.9190133,
nethttp,competitor,wild,10,16,ok 16,True,,648.2296755,6371.19043,13.50445555,2017.6250599999998,11.699869750000001,0.7408158149999999,0.290791829,5.0,3.2991500000000004e-05,528.0,7492.0,821.557438,2865.43862,6293.048078849999,46.2858887
null,null,wild,10,16,ok 16,True,,3.8487439400000003,29.0048948,0.0002506445605,12.154898,0.501425892,1.53269803e-05,0.0001573734975,0.0,4e-08,24.0,24.0,0.0,0.0,,
null-no405,null,wild,10,16,ok 16,True,,5.0955703549999996,29.004898,0.00025184601,16.092018449999998,0.5015498775,1.935571445e-05,0.000144281971,0.0,4e-08,24.0,24.0,0.0,0.0,,
oatpp,competitor,wild,10,16,ok 16,True,,182.0959365,1603.1130349999999,2.39013672,574.859968,1.3470655900000001,0.01507658115,0.0204193253,1.40563965,5.2745e-06,8032.0,6592.0,170.322882,250.4728445,1574.10814045,
path-tree,competitor,wild,10,16,ok 16,True,,80.69034214999999,770.9410325,2.6830952999999997,254.52815750000002,1.19552083,0.007821145005,0.019782116949999998,0.0,3.7070000000000003e-06,10636.0,9232.0,80.15198895,110.208911,741.93613445,
pistache,competitor,wild,10,16,refused 16,False,refused: pistache: no catch-all (its splat matches one segment),,,,,,,,,,,,,,,
r3,competitor,wild,10,16,ok 16,True,,80.34469519999999,779.9255069999999,2.4275290099999998,253.035414,1.2539975650000001,0.0105313378,0.0199482348,2.0,1.3861e-05,25544.0,23752.0,70.13304855,100.189992,750.9206125999999,
radix,reference,wild,10,16,ok 16,True,,80.66924645,712.8955295000001,2.5218098949999996,254.7094415,1.1513778650000002,0.006791079495,0.0189913678,0.0,3.241e-06,11664.0,2328.0,80.15186005,105.2027145,683.8906308999999,
regexmatcher-v1,reference,wild,10,3,ok 3,True,,1220.58179,9399.38379,37.4089355,3852.96826,86.3548029,0.0729314631,3.36272638,5,0.000102242,120112,51576,1122.12611,2464.66826,9370.3788919,
regexmatcher-v2,under test (H1 to H4),wild,10,16,ok 16,True,,49.47500375,485.9825755,1.696516685,156.1736365,1.133465255,0.004720156415,0.018665562500000003,0.0,5.4555000000000005e-06,11024.0,3136.0,45.0852764,70.1329204,456.97767699999997,
regexmatcher-v2-ct,under test (H7),wild,10,16,ok 16,True,,51.1737768,485.9825615,1.712754645,161.3610905,1.123301955,0.00621758922,0.01863635225,0.0,4.0125e-06,2800.0,640.0,50.09485185,70.13292275,456.977663,
regexmatcher-v2-r1,ablation (exploratory),wild,10,16,ok 16,True,,49.433865499999996,485.982563,1.712476455,155.97028699999998,1.13826335,0.007516651480000001,0.0186248803,0.0,6.832499999999999e-06,41016.0,3728.0,50.0949174,70.13296009999999,456.9776645,
std-regex,reference,wild,10,3,ok 3,True,,1411.34448,14142.3411,7.25683594,4451.82202,9.2586263,0.217393663,0.0448947483,26.4162598,2.0398e-05,39872,17568,1392.63606,2404.56386,14113.3362014,
uwebsockets,competitor,wild,10,16,disagrees 16,False,"incomparable: 4,096 of 4,096 answers differ",,,,,,,,,,,,,,,
actix-router,competitor,wild,100,16,ok 16,True,,4630.410645,37136.68345,12.9975586,14600.56395,1262.5262050000001,19.356119800000002,439.74735499999997,50.484863250000004,0.0038329105,40440600.0,1759888.0,4573.6641,9012.07309,37107.6785536,
boost-url,competitor,wild,100,16,ok 16,True,,494.8674725,5162.697630000001,7.841715495000001,1561.874265,7.92157715,0.023120117199999998,0.422480469,0.0,8.62925e-05,92692.0,46676.0,490.93064100000004,606.1509014999999,5133.6927318,
chi,competitor,wild,100,16,ok 16,True,,163.95680249999998,1560.21292,2.75626337,515.4485775,18.219769749999998,0.040732421850000006,0.022677408849999997,0.0,0.000115447,2244.0,74112.0,230.43722200000002,290.55021450000004,1514.0705756000002,45.78795625
cpp-httplib,competitor,wild,100,16,ok 16,True,,7280.222535,73262.29884999999,53.46105955,22982.894500000002,517.1028645,1.80033366,22.13838705,206.1740725,0.0002182,408640.0,184984.0,7188.619485,13736.0029,73233.29395384999,
crow,competitor,wild,100,16,ok 16,True,,799.4106445,7160.516845,10.585083000000001,2523.8211650000003,10.743560800000001,0.0567474365,0.0597457886,18.769897450000002,7.4174e-05,107732.0,23628.0,766.45312,1107.1003150000001,7131.511946250001,
drogon,competitor,wild,100,16,ok 16,True,,8173.64758,77572.61254999999,54.97644045,25806.0609,423.1525065,2.091593425,25.4444987,209.652344,0.0002328375,451400.0,208768.0,8040.24106,15123.65075,77543.60765535,
gin,competitor,wild,100,16,ok 16,True,,73.05076685,665.9003765,2.254904355,229.73082549999998,11.45892835,0.06328888669999999,0.01705818435,0.0,7.422949999999999e-05,3096.0,48316.0,150.28466600000002,180.3418085,619.75803335,45.9821472
glaze,competitor,wild,100,16,ok 16,True,,549.0259195,3865.4408000000003,13.681722,1732.7139849999999,17.4731272,0.11955990999999999,3.162539275,7.205444335,0.0001018415,180540.0,157780.0,520.9877174999999,751.4244885,3836.4359033,
hash,reference,wild,100,16,refused 16,False,refused: hash: an exact-match table holds literal routes only,,,,,,,,,,,,,,,
httprouter,competitor,wild,100,16,ok 16,True,,97.42028965,1010.845435,2.399202475,297.128283,11.176120300000001,0.15514297,0.0732442036,1.0,6.6375e-05,3064.0,36852.0,150.284984,285.541734,964.7030909,46.43414305
matchit,competitor,wild,100,16,ok 16,True,,101.604432,663.6752085,3.795297475,320.7470235,11.20899725,0.0364893934,4.341526085,0.0,5.563e-05,115896.0,93908.0,100.1899205,140.26526,634.6703100499999,
nethttp,competitor,wild,100,16,ok 16,True,,685.446228,6440.84851,17.8187256,2145.427855,22.595064049999998,0.9344913260000001,0.5769096825,5.0,0.000377965,4812.0,56696.0,861.6322135,2905.50472,6362.70615795,46.1580887
null,null,wild,100,16,ok 16,True,,5.096861455,29.0048985,0.000252087986,16.09328605,0.5015144220000001,1.346397105e-05,0.0001365996415,0.0,4e-08,24.0,24.0,0.0,0.0,,
null-no405,null,wild,100,16,ok 16,True,,5.09316484,29.004898150000002,0.0002517729315,16.08865215,0.501627638,1.21561603e-05,0.00014111996900000002,0.0,4e-08,24.0,24.0,0.0,0.0,,
oatpp,competitor,wild,100,16,ok 16,True,,871.658203,8031.944275,9.80584717,2751.43744,260.380908,0.066796875,0.8870605469999999,1.40563965,4.6528e-05,75280.0,62024.0,856.6230605000001,1633.10408,8002.9393803,
path-tree,competitor,wild,100,16,ok 16,True,,120.5724875,1008.04199,4.269296355,380.568215,8.744299795,0.0354571806,3.4668945349999998,0.0,4.37775e-05,97572.0,86208.0,120.2277885,160.3039405,979.0370915000001,
pistache,competitor,wild,100,16,refused 16,False,refused: pistache: no catch-all (its splat matches one segment),,,,,,,,,,,,,,,
r3,competitor,wild,100,16,ok 16,True,,141.156025,1142.322535,3.79194336,445.012031,19.72960705,0.07052854250000001,3.707702635,2.0,0.000147648,263804.0,239016.0,130.246934,195.370209,1113.31763835,
radix,reference,wild,100,16,ok 16,True,,113.4241585,846.2724665000001,4.15776606,358.1272525,1.3675095449999999,0.0106777615,0.01910400395,0.0,3.198e-05,93288.0,16216.0,110.208955,150.2849735,817.26757,
regexmatcher-v1,reference,wild,100,3,ok 3,True,,1306.86157,9895.29004,38.6611328,4124.57568,146.511157,1.4088623,9.85241699,5,0.000933213,1021064,373256,1222.31332,2564.85311,9866.2851414,
regexmatcher-v2,under test (H1 to H4),wild,100,16,ok 16,True,,56.824516200000005,491.80887,2.40971051,179.39862499999998,1.28994907,0.00813498138,0.01875879595,0.0,5.20275e-05,73820.0,17800.0,50.0951135,90.170696,462.80397105,
regexmatcher-v2-ct,under test (H7),wild,100,16,ok 16,True,,57.421193450000004,491.80887,2.470872355,181.267626,1.138641245,0.009002076775,0.018573757349999998,0.0,2.1926e-05,21856.0,4000.0,55.1045021,90.17087985,462.80397105,
regexmatcher-v2-r1,ablation (exploratory),wild,100,16,ok 16,True,,56.88212815,491.8088665,2.4093738900000004,179.6094115,1.41201038,0.009830464745,0.018684171149999998,0.0,6.606449999999999e-05,338948.0,20920.0,55.10413475,90.17085979999999,462.80396755,
std-regex,reference,wild,100,3,ok 3,True,,7144.64917,71487.8982,52.6362305,22562.5483,437.210368,1.71809896,11.7166341,208.142822,0.000211067,393976,172528,7073.42622,13275.1979,71458.8933016,
uwebsockets,competitor,wild,100,16,disagrees 16,False,"incomparable: 4,096 of 4,096 answers differ",,,,,,,,,,,,,,,
actix-router,competitor,wild,1000,16,ok 16,True,,92003.50815000001,341514.1485,88.539691,290040.7865,13016.92525,11157.587599999999,4084.76981,500.6703135,0.03929642,404568136.0,17680624.0,86819.536,181297.822,341485.1435906,
boost-url,competitor,wild,1000,16,ok 16,True,,779.804871,7575.04352,19.04925535,2461.190245,59.49959565,1.2587890599999998,17.245155349999997,0.0,0.001203919,777400.0,381528.0,771.4619385000001,1051.992815,7546.0386232500005,
chi,competitor,wild,1000,16,ok 16,True,,248.00617699999998,1742.775465,4.63413493,779.4198570000001,37.695358,6.440827285,0.8862721165,0.0,0.001006554,22844.0,731812.0,310.58876799999996,495.94090200000005,1696.6331208,45.7363205
cpp-httplib,competitor,wild,1000,16,ok 16,True,,69443.45235,662241.7915,629.5780225000001,218897.435,5134.505795,1240.6691099999998,663.007004,2007.282175,0.002211776,4062920.0,1834224.0,67893.70019999999,138222.061,662212.78660335,
crow,competitor,wild,1000,16,ok 16,True,,1020.47852,8691.75012,18.7521973,3221.192015,42.78589885,2.3411254899999996,3.4942118349999998,21.482666000000002,0.000678661,855476.0,223176.0,976.8496805,1392.6410799999999,8662.74522355,
drogon,competitor,wild,1000,16,ok 16,True,,72483.7037,676163.709,633.7613575,228603.4275,4144.38592,700.6628385,265.4884475,2008.8627649999999,0.0027849575,4409108.0,2033944.0,70919.1451,140025.47149999999,676134.7041012,
gin,competitor,wild,1000,16,ok 16,True,,110.429406,772.800282,3.46211125,346.55420549999997,23.278374550000002,2.13580563,0.019614183950000003,0.0,0.0007492245,31116.0,475540.0,190.361007,340.6462515,726.6579388,46.030540450000004
glaze,competitor,wild,1000,16,ok 16,True,,593.603027,3935.037535,14.480285649999999,1871.08716,23.28556315,8.85141718,6.42136347,7.203857425000001,0.0010042535,1669248.0,1441824.0,571.085216,861.634732,3906.0326364499997,
hash,reference,wild,1000,16,refused 16,False,refused: hash: an exact-match table holds literal routes only,,,,,,,,,,,,,,,
httprouter,competitor,wild,1000,16,ok 16,True,,135.472374,1146.513305,3.64875932,402.452548,23.20089195,1.3842600950000001,0.19151903250000002,1.0,0.000654897,31084.0,363852.0,180.34214150000003,490.93273050000005,1100.37096105,46.428688050000005
matchit,competitor,wild,1000,16,ok 16,True,,144.15662450000002,739.1529949999999,5.498022465,454.81476499999997,23.21252475,5.1131072,6.2286671600000005,0.0,0.0006230014999999999,1178172.0,941908.0,140.26579600000002,290.55052750000004,710.14810045,
nethttp,competitor,wild,1000,16,ok 16,True,,717.670044,6600.97174,17.265319849999997,2238.01483,30.0951309,6.3741836549999995,0.7086563109999999,5.0,0.013774826,47760.0,535756.0,891.6888739999999,2579.8876149999996,6522.8293853,45.813911399999995
null,null,wild,1000,16,ok 16,True,,5.09555623,29.0048986,0.000252074873,16.09147055,0.5015736955000001,2.8784171049999998e-05,0.00013340569899999999,0.0,4e-08,24.0,24.0,0.0,0.0,,
null-no405,null,wild,1000,16,ok 16,True,,3.8680277700000003,29.0048948,0.0002506176305,12.21503885,0.5015164085,2.69790624e-05,0.0001678651805,0.0,4e-08,24.0,24.0,0.0,0.0,,
oatpp,competitor,wild,1000,16,ok 16,True,,9001.414675,72286.3032,71.19006350000001,28366.3744,3231.51489,296.554484,424.066447,1.40563965,0.000474821,734720.0,609232.0,9117.303775,19181.3451,72257.29830314999,
path-tree,competitor,wild,1000,16,ok 16,True,,177.1835415,1163.742585,6.78004238,558.8196190000001,31.655637900000002,3.209654015,11.4853144,0.0,0.00048028350000000003,969016.0,853496.0,170.3230145,290.55113900000003,1134.7376757,
pistache,competitor,wild,1000,16,refused 16,False,refused: pistache: no catch-all (its splat matches one segment),,,,,,,,,,,,,,,
r3,competitor,wild,1000,16,ok 16,True,,203.41573649999998,1223.964565,4.966247555,641.811855,44.674839500000004,11.77419765,19.8044837,2.0,0.001615894,2671900.0,2366556.0,200.3797995,360.6827225,1194.95967045,
radix,reference,wild,1000,16,ok 16,True,,159.690447,976.75589,7.29656643,503.5480955,12.4678088,0.022544492450000002,0.0224167109,0.0,0.0003616575,754264.0,131176.0,160.3038435,220.417785,947.75099345,
regexmatcher-v1,reference,wild,1000,3,ok 3,True,,1440.27393,10192.5391,41.7651367,4542.77148,181.951118,29.0691732,14.3255208,5,0.01223276,9537560,3124328,1362.58297,2815.3373,10163.5341757,
regexmatcher-v2,under test (H1 to H4),wild,1000,16,ok 16,True,,53.921670500000005,501.5135755,1.998321535,170.038096,4.225087025,0.03276664925,0.0209533763,0.0,0.00063601,760264.0,182456.0,50.09496585,100.1899095,472.50867905,
regexmatcher-v2-ct,under test (H7),wild,1000,16,ok 16,True,,53.80888015,501.5135705,1.970316345,169.755737,1.1870786999999998,0.02161475475,0.0207984587,0.0,0.000203893,199192.0,30880.0,50.09490945,100.1897795,472.50867404999997,
regexmatcher-v2-r1,ablation (exploratory),wild,1000,16,ok 16,True,,53.9490611,501.5135725,1.963513325,170.177688,4.22180026,0.03393488805,0.021408150100000002,0.0,0.0018223515,3004552.0,212696.0,50.094986899999995,100.1899415,472.50867604999996,
std-regex,reference,wild,1000,3,ok 3,True,,64966.9661,647253.377,632.019776,204870.332,3880.64146,500.797524,250.07369,2034.61785,0.00210089,3919800,1716144,65603.8186,127420.489,647224.3721057,
uwebsockets,competitor,wild,1000,16,disagrees 16,False,"incomparable: 4,096 of 4,096 answers differ",,,,,,,,,,,,,,,
actix-router,competitor,wild,10000,16,ok 16,True,,1828860.73,3327890.1399999997,784.7490815,5765221.885,125286.6345,128570.183,36310.86495,4970.82802,0.4262555825,4047109092.0,177827632.0,1645158.27,4758119.67,3327861.1351034995,
boost-url,competitor,wild,10000,16,ok 16,True,,3235.9383550000002,29726.7026,57.83374025,10211.928,797.034607,344.739563,45.4815674,0.0,0.014524351,11731448.0,5614168.0,3196.060705,4378.295435,29697.697703550002,
chi,competitor,wild,10000,16,ok 16,True,,379.5124515,1940.46631,7.095723469999999,1192.608185,51.32181065,26.14736105,0.003828568895,0.0,0.013569771500000001,228744.0,7205436.0,440.8358495,1618.069555,1894.3239659,45.7371292
cpp-httplib,competitor,wild,10000,16,ok 16,True,,707008.4355,6511860.135,6346.690375,2228378.67,51359.195049999995,24086.161399999997,4041.36386,19887.435899999997,0.021891671,40923112.0,18483092.0,696710.883,1374326.9,6511831.130103501,
crow,competitor,wild,10000,16,ok 16,True,,1189.67627,10058.1017,18.90063475,3753.6363499999998,71.15507815000001,13.391612649999999,6.50846724,24.5439453,0.0062025305,7828380.0,2352472.0,1147.1718150000002,1623.0767799999999,10029.09680545,
drogon,competitor,wild,10000,16,ok 16,True,,718483.416,6637492.17,6330.20662,2265034.67,55355.359800000006,16716.50345,2407.7127849999997,19932.2268,0.09747460999999999,46639776.0,21611232.0,700530.894,1407631.13,6637463.165103501,
gin,competitor,wild,10000,16,ok 16,True,,204.982129,885.6540285,5.10492234,644.5750235,28.9979294,16.01139595,0.0011250813800000002,0.0,0.00957126,309096.0,4662044.0,280.531783,1197.2691949999999,839.51168555,45.9842911
glaze,competitor,wild,10000,16,ok 16,True,,636.091309,3933.672725,14.549377400000001,2002.91034,24.39719235,15.6978577,7.253498840000001,7.20410156,0.0097810455,16920428.0,14461612.0,631.196108,1663.151675,3904.6678284,
hash,reference,wild,10000,16,refused 16,False,refused: hash: an exact-match table holds literal routes only,,,,,,,,,,,,,,,
httprouter,competitor,wild,10000,16,ok 16,True,,210.3651205,1166.0958850000002,5.24086798,656.898844,32.3165784,15.5344208,0.0322314347,1.0,0.00664688,309064.0,3567740.0,270.5133505,1292.449725,1119.95354085,46.0036926
matchit,competitor,wild,10000,16,ok 16,True,,211.02736399999998,815.100464,7.07478841,665.8237595,34.30467735,19.54156915,10.8065773,0.0,0.0065621305,11406468.0,9073236.0,210.398785,801.5195885,786.0955673999999,
nethttp,competitor,wild,10000,16,ok 16,True,,740.7948610000001,6573.30389,17.3121948,2317.22302,27.76027225,11.1045014,3.1332763650000004,5.0,1.2423151300000002,475260.0,5232000.0,901.706349,2389.5199350000003,6495.1615383,46.0446625
null,null,wild,10000,16,ok 16,True,,3.84741978,29.00489465,0.00025011354,12.151375250000001,0.5017692725,1.133797185e-05,0.000169097084,0.0,4e-08,24.0,24.0,0.0,0.0,,
null-no405,null,wild,10000,16,ok 16,True,,5.093870765,29.0048983,0.0002519039365,16.0894361,0.5016970315,2.1302742100000002e-05,0.0001408001235,0.0,4e-08,24.0,24.0,0.0,0.0,,
oatpp,competitor,wild,10000,16,ok 16,True,,105910.0395,714796.4395,639.286778,333873.0915,34985.9289,21833.46565,1625.07468,1.4080415400000001,0.0044590355,7737752.0,6285984.0,107408.727,218784.7055,714767.4346032,
path-tree,competitor,wild,10000,16,ok 16,True,,276.7713625,1356.980275,8.951586915,872.938403,54.41319175,24.89907225,21.2904243,0.0,0.0051865195,9928644.0,8495320.0,270.512976,921.747084,1327.9753783499998,
pistache,competitor,wild,10000,16,refused 16,False,refused: pistache: no catch-all (its splat matches one segment),,,,,,,,,,,,,,,
r3,competitor,wild,10000,16,ok 16,True,,322.03540050000004,1296.636535,6.547302245,1015.9176600000001,64.8484304,28.960743700000002,32.70541865,2.0,0.018715259999999997,27067008.0,23208876.0,330.62377000000004,1252.37392,1267.63163855,
radix,reference,wild,10000,16,ok 16,True,,239.9676965,1131.47051,11.974092599999999,756.9013675,27.56733235,5.2228908149999995,4.029172409999999,0.0,0.0049286545,6161712.0,1151272.0,250.47473150000002,520.9875945,1102.4656136499998,
regexmatcher-v1,reference,wild,10000,3,ok 3,True,,1668.10229,10519.96,43.6762695,5264.95288,239.829407,49.7537231,17.7260742,5,0.531370421,94365416,28284264,1623.07631,3296.25091,10490.9551012,
regexmatcher-v2,under test (H1 to H4),wild,10000,16,ok 16,True,,68.36086019999999,501.092835,1.9682764050000001,215.690174,4.813457265,2.146408495,2.5873438550000003,0.0,0.010319934499999999,8571952.0,2151032.0,70.13300684999999,410.779079,472.08793845,
regexmatcher-v2-ct,under test (H7),wild,10000,16,refused 16,False,refused: regexmatcher-v2-ct: no compile-time table in bench/gen holds these routes (generated for m <= 1000 and the table seeds of rbench's kTableSeeds),,,,,,,,,,,,,,,
regexmatcher-v2-r1,ablation (exploratory),wild,10000,16,ok 16,True,,67.80546325,501.09283300000004,1.9758236550000001,213.95693,4.82340663,2.14307322,2.61211039,0.0,0.01648672,40841400.0,2581240.0,70.13297945,410.77862500000003,472.08793645000003,
std-regex,reference,wild,10000,3,ok 3,True,,658682.132,6342961.42,6419.05789,2076376.71,39441.7221,20512.3982,2794.45045,20114.3053,0.021514331,39662640,17386192,676775.16,1303530.46,6342932.4151012,
uwebsockets,competitor,wild,10000,16,disagrees 16,False,"incomparable: 4,096 of 4,096 answers differ",,,,,,,,,,,,,,,
actix-router,competitor,wild,100000,16,ok 16,True,,45794763.8,35424607.8,7752.9375,144327111.0,1331683.03,1427240.845,358695.0,51859.0625,4.3998482,40459950848.0,1772215112.0,48745546.400000006,87126846.85,35424578.7951056,
boost-url,competitor,wild,100000,16,ok 16,True,,31521.3478,251062.449,383.103638,99304.1492,8330.534220000001,5922.0542000000005,9.27779134,0.0,0.684682666,96089144.0,46201884.0,30838.4713,59467.884600000005,251033.4441014,
chi,competitor,wild,100000,16,ok 16,True,,541.467163,2123.622195,9.219665525,1699.5018300000002,73.2577609,47.4039044,1.949862005,0.0,0.2315103605,2281624.0,72819524.0,601.135589,1908.618395,2077.4798508,45.9289017
cpp-httplib,competitor,wild,100000,16,ok 16,True,,10484685.850000001,64773511.7,63083.0217,33047468.85,500878.6085,206500.5145,12389.86235,197942.3915,0.22793882799999998,405465792.0,182936116.0,11109898.85,22418723.7,64773482.69510326,
crow,competitor,wild,100000,16,ok 16,True,,1483.48828,11611.346450000001,27.877685550000002,4680.680905,106.968845,24.4299452,8.22637261,27.274658199999998,0.084984231,67140928.0,22559648.0,1442.735195,2224.20194,11582.34155135,
drogon,competitor,wild,100000,16,ok 16,True,,9990255.45,64972772.1,61939.5208,31492867.95,558010.235,165160.809,6499.576385,195277.902,9.961966199999999,452756124.0,209283712.0,10610434.25,20552815.4,64972743.09510325,
gin,competitor,wild,100000,16,ok 16,True,,270.5251465,994.41731,6.749743655,851.2871275,37.561141,22.7662706,0.9611816405,0.0,0.169117421,3088896.0,46723460.0,350.66395,1648.127775,948.2749672,45.8208847
glaze,competitor,wild,100000,16,ok 16,True,,680.9328615,3934.326845,14.55529785,2144.1065049999997,25.04865465,18.805318200000002,7.756765265,7.204101565,0.1485737195,168465676.0,144188200.0,681.291873,2119.018485,3905.3219483499997,
hash,reference,wild,100000,16,refused 16,False,refused: hash: an exact-match table holds literal routes only,,,,,,,,,,,,,,,
httprouter,competitor,wild,100000,16,ok 16,True,,279.6712585,1274.233045,6.790112305,868.9752014999999,36.44877485,22.35101845,2.830298445,1.0,0.145936577,3088864.0,35742828.0,340.64565400000004,1648.123755,1228.0907008499998,46.89235685
matchit,competitor,wild,100000,16,ok 16,True,,312.322314,890.329407,8.50531006,985.5784605,44.48413055,33.78017095,17.06620095,0.0,0.105881592,116041220.0,92815672.0,310.588883,1277.4232200000001,861.3245104499999,
nethttp,competitor,wild,100000,16,ok 16,True,,800.5703125,6550.64575,16.697753900000002,2374.888365,24.82904595,11.765892000000001,1.295130115,5.0,132.499701,4759872.0,51451608.0,901.709952,2103.98726,6472.5033988,45.8723602
null,null,wild,100000,16,ok 16,True,,4.499647045,29.004896600000002,0.000251439554,14.21412385,0.501608193,8.93235067e-06,0.000153738841,0.0,4e-08,24.0,24.0,0.0,0.0,,
null-no405,null,wild,100000,16,ok 16,True,,5.092271065,29.0048985,0.000251324727,16.08969365,0.5016121305,2.1224048299999998e-05,0.00013548403249999998,0.0,4e-08,24.0,24.0,0.0,0.0,,
oatpp,competitor,wild,100000,16,ok 16,True,,2488059.0599999996,7085138.5649999995,6153.2481800000005,7837903.14,368542.2955,170249.03149999998,8562.15625,1.409090905,0.0456012155,75254064.0,61796048.0,2382210.485,5469742.905,7085109.56010325,
path-tree,competitor,wild,100000,16,ok 16,True,,480.191691,1510.557335,10.9731852,1514.47595,79.62181565,59.63632105,34.358065100000005,0.0,0.0931695025,97882736.0,85233016.0,475.900372,1557.9516899999999,1481.5524363,
pistache,competitor,wild,100000,16,refused 16,False,refused: pistache: no catch-all (its splat matches one segment),,,,,,,,,,,,,,,
r3,competitor,wild,100000,16,ok 16,True,,521.1925045,1130.039675,8.117655435,1644.7796600000001,90.0742798,58.5563498,56.08109185,2.0,0.2674257995,277952180.0,235132744.0,531.006371,1708.236095,1101.0347782,
radix,reference,wild,100000,16,ok 16,True,,348.2597045,1289.9617899999998,15.92736815,1099.089755,48.809707,28.6481892,4.197269115,0.0,0.0715394615,51629416.0,10320040.0,350.66485850000004,1041.974695,1260.95689335,
regexmatcher-v2,under test (H1 to H4),wild,100000,16,ok 16,True,,70.27545570000001,502.1873235,2.056841535,221.736054,5.01426991,2.8167555,0.6989776445,0.0,0.1562099845,74454176.0,18598456.0,70.13299430000001,430.817001,473.1824271,
regexmatcher-v2-ct,under test (H7),wild,100000,16,refused 16,False,refused: regexmatcher-v2-ct: no compile-time table in bench/gen holds these routes (generated for m <= 1000 and the table seeds of rbench's kTableSeeds),,,,,,,,,,,,,,,
regexmatcher-v2-r1,ablation (exploratory),wild,100000,16,ok 16,True,,71.41058865,502.1873215,2.0572060050000003,225.3601075,4.992615015,2.959603935,1.0368386699999999,0.0,0.2017815255,345292152.0,21090992.0,70.1329498,440.8353965,473.1824251,
uwebsockets,competitor,wild,100000,16,disagrees 16,False,"incomparable: 4,096 of 4,096 answers differ",,,,,,,,,,,,,,,
